URL,URL_Length,Has_At_Symbol,Num_Dots,Has_IP,Has_Suspicious_Word,Label
https://uexuk.in,16,0,1,0,0,0
https://wukfsqabw.com,21,0,1,0,0,0
https://tkajge.xyz,18,0,1,0,0,0
http://nmcvy.com,16,0,1,0,0,0
https://mpmobtvh.org,20,0,1,0,0,0
https://cicgnicyt.net,21,0,1,0,0,0
http://sueanuika.com,20,0,1,0,0,0
http://gwxkkrs.com,18,0,1,0,0,0
https://toxmiauh.in,19,0,1,0,0,0
https://yxyahpcisp.in,21,0,1,0,0,0
http://wwtuvcta.xyz,19,0,1,0,0,0
http://hnrkyyyapz.xyz,21,0,1,0,0,0
http://drrbwe.org,17,0,1,0,0,0
http://bvczapml.org,19,0,1,0,0,0
https://rvphqqtmdg.net,22,0,1,0,0,0
http://gvsnktmx.xyz,19,0,1,0,0,0
http://fmwbw.org,16,0,1,0,0,0
http://ehlmvlcd.net,19,0,1,0,0,0
http://oqfvrcbm.info,20,0,1,0,0,0
http://jvdklzjhh.xyz,20,0,1,0,0,0
http://kvwou.info,17,0,1,0,0,0
https://dikos.info,18,0,1,0,0,0
http://ffukcqk.in,17,0,1,0,0,0
https://tnqudeb.in,18,0,1,0,0,0
http://fminej.net,17,0,1,0,0,0
http://luwkcdbt.org,19,0,1,0,0,0
http://ukxog.org,16,0,1,0,0,0
http://pffzlfe.in,17,0,1,0,0,0
https://vvwgwjrnq.xyz,21,0,1,0,0,0
http://yktnueeds.org,20,0,1,0,0,0
http://wpvtqk.in,16,0,1,0,0,0
http://fchuv.xyz,16,0,1,0,0,0
http://fximqxtal.in,19,0,1,0,0,0
https://wnark.com,17,0,1,0,0,0
http://pnmfst.org,17,0,1,0,0,0
https://bujnysbvp.org,21,0,1,0,0,0
http://maxba.in,15,0,1,0,0,0
http://dkjyq.info,17,0,1,0,0,0
http://nxwje.net,16,0,1,0,0,0
https://guugvul.com,19,0,1,0,0,0
http://pqripmesu.xyz,20,0,1,0,0,0
https://evjhmzrzmy.in,21,0,1,0,0,0
http://mfeervcic.net,20,0,1,0,0,0
https://aploxesdx.org,21,0,1,0,0,0
https://izrgmi.com,18,0,1,0,0,0
https://kkdkxhxbq.org,21,0,1,0,0,0
http://vjtama.net,17,0,1,0,0,0
http://phkgaofr.info,20,0,1,0,0,0
http://secpl.xyz,16,0,1,0,0,0
https://knncoajaw.xyz,21,0,1,0,0,0
https://igqzjeex.com,20,0,1,0,0,0
http://dggvkiorur.org,21,0,1,0,0,0
http://skqoevg.xyz,18,0,1,0,0,0
http://rhrlxx.info,18,0,1,0,0,0
http://ktudrhes.com,19,0,1,0,0,0
https://qgotfri.xyz,19,0,1,0,0,0
https://yhmighgssb.xyz,22,0,1,0,0,0
http://maizvyj.in,17,0,1,0,0,0
https://oikjlnwee.xyz,21,0,1,0,0,0
https://oboavi.xyz,18,0,1,0,0,0
http://dfhmsl.org,17,0,1,0,0,0
http://olqkusevs.info,21,0,1,0,0,0
http://oljnqfsxm.net,20,0,1,0,0,0
http://aticwe.xyz,17,0,1,0,0,0
http://dnjwcwns.info,20,0,1,0,0,0
https://eoynwteqqw.net,22,0,1,0,0,0
https://yutqhtvuue.org,22,0,1,0,0,0
http://dqigbjf.net,18,0,1,0,0,0
http://ezdaij.net,17,0,1,0,0,0
http://tmela.info,17,0,1,0,0,0
https://lglqz.in,16,0,1,0,0,0
https://rkwte.in,16,0,1,0,0,0
http://flsrewk.net,18,0,1,0,0,0
http://exqlu.info,17,0,1,0,0,0
http://hogmmyashm.net,21,0,1,0,0,0
http://tkgdjqaxe.in,19,0,1,0,0,0
http://sgemasit.org,19,0,1,0,0,0
https://uvxeqrnfj.com,21,0,1,0,0,0
https://uyapqefzh.in,20,0,1,0,0,0
http://dwres.org,16,0,1,0,0,0
http://xkubyhb.net,18,0,1,0,0,0
http://jggel.com,16,0,1,0,0,0
http://mgbiwdyhds.org,21,0,1,0,0,0
https://vrunjtrr.in,19,0,1,0,0,0
http://opjpvdf.xyz,18,0,1,0,0,0
https://femhdrr.net,19,0,1,0,0,0
https://yjuvtsfv.in,19,0,1,0,0,0
http://fzpyh.com,16,0,1,0,0,0
https://jlheydarm.info,22,0,1,0,0,0
http://atrmntfeis.com,21,0,1,0,0,0
http://gxfdc.net,16,0,1,0,0,0
https://cdihw.net,17,0,1,0,0,0
http://azxlzjaeb.xyz,20,0,1,0,0,0
https://lsumjnyyvx.net,22,0,1,0,0,0
https://bervpsli.info,21,0,1,0,0,0
http://cmviwkiw.info,20,0,1,0,0,0
https://npwxrba.info,20,0,1,0,0,0
http://lkmqfbhw.com,19,0,1,0,0,0
https://wfihga.net,18,0,1,0,0,0
https://hlsgaiapjd.info,23,0,1,0,0,0
https://sfyxy.in,16,0,1,0,0,0
https://fjemde.com,18,0,1,0,0,0
https://tbhufodytw.in,21,0,1,0,0,0
http://otkfgeycs.in,19,0,1,0,0,0
https://krczgy.net,18,0,1,0,0,0
http://misvimg.com,18,0,1,0,0,0
https://zivmxhonzt.in,21,0,1,0,0,0
http://qdmxpg.info,18,0,1,0,0,0
https://hwefhfep.in,19,0,1,0,0,0
https://mmfxf.com,17,0,1,0,0,0
http://crprwkyib.com,20,0,1,0,0,0
http://rkjonbry.info,20,0,1,0,0,0
https://vjcmrb.info,19,0,1,0,0,0
https://qejukctk.in,19,0,1,0,0,0
https://rmxovh.net,18,0,1,0,0,0
http://bnjooe.org,17,0,1,0,0,0
https://bjnjqpfzw.info,22,0,1,0,0,0
https://zvhcvi.com,18,0,1,0,0,0
http://ndgjzgjg.in,18,0,1,0,0,0
https://ntktnq.net,18,0,1,0,0,0
https://sboabxjkf.xyz,21,0,1,0,0,0
http://ebifnjzig.in,19,0,1,0,0,0
https://gebzmx.info,19,0,1,0,0,0
https://biauhfw.net,19,0,1,0,0,0
https://fvjuhxm.org,19,0,1,0,0,0
https://nixvvddbn.info,22,0,1,0,0,0
https://iajwoyefmd.org,22,0,1,0,0,0
http://cvuhoh.in,16,0,1,0,0,0
http://lqpecgwud.info,21,0,1,0,0,0
https://jgsqhpq.net,19,0,1,0,0,0
http://txazvq.com,17,0,1,0,0,0
https://zpaystijcx.com,22,0,1,0,0,0
https://fggtbmlzo.com,21,0,1,0,0,0
https://juwgmal.org,19,0,1,0,0,0
https://ykowqjsnts.com,22,0,1,0,0,0
http://eylaj.com,16,0,1,0,0,0
https://ibehrbh.org,19,0,1,0,0,0
http://irwjxkbsu.info,21,0,1,0,0,0
http://kzcta.info,17,0,1,0,0,0
http://qgwuryzo.com,19,0,1,0,0,0
http://wxkaqylswc.xyz,21,0,1,0,0,0
http://htwqgba.org,18,0,1,0,0,0
https://krmzmgi.xyz,19,0,1,0,0,0
http://bcvbk.in,15,0,1,0,0,0
http://djdfnwy.org,18,0,1,0,0,0
https://hkjfe.com,17,0,1,0,0,0
http://xtqzvbg.info,19,0,1,0,0,0
https://whvshsec.com,20,0,1,0,0,0
https://aaqvimsb.xyz,20,0,1,0,0,0
https://myyxjqqncq.com,22,0,1,0,0,0
https://jzhqgy.in,17,0,1,0,0,0
http://kzrbhdmz.net,19,0,1,0,0,0
http://fijugk.org,17,0,1,0,0,0
https://epqzjxtxso.info,23,0,1,0,0,0
https://waomjybvd.org,21,0,1,0,0,0
https://pvgzkjqxaj.xyz,22,0,1,0,0,0
https://bkplemn.org,19,0,1,0,0,0
http://ohzdcwss.net,19,0,1,0,0,0
https://wdihkmbfel.com,22,0,1,0,0,0
https://qbnhx.com,17,0,1,0,0,0
https://rgtnwni.info,20,0,1,0,0,0
https://eoebikajn.net,21,0,1,0,0,0
https://sazwchf.com,19,0,1,0,0,0
http://pvzjloumsb.org,21,0,1,0,0,0
http://mtuzryr.in,17,0,1,0,0,0
http://sbesm.net,16,0,1,0,0,0
https://mimhtn.org,18,0,1,0,0,0
http://yllpucfjyu.com,21,0,1,0,0,0
https://mmulzgvud.info,22,0,1,0,0,0
https://rtxihhce.xyz,20,0,1,0,0,0
https://fpjcrs.in,17,0,1,0,0,0
http://sskohc.org,17,0,1,0,0,0
https://inipibnguv.com,22,0,1,0,0,0
http://kphkt.org,16,0,1,0,0,0
https://qiekeg.org,18,0,1,0,0,0
http://xuzara.in,16,0,1,0,0,0
https://lkurtkjdd.info,22,0,1,0,0,0
http://wbqah.in,15,0,1,0,0,0
http://zapzku.com,17,0,1,0,0,0
http://nijwzw.in,16,0,1,0,0,0
https://hcvypq.com,18,0,1,0,0,0
https://ijwzygbd.net,20,0,1,0,0,0
https://uqocxjsxx.info,22,0,1,0,0,0
https://lvvphl.info,19,0,1,0,0,0
http://ksvdvjzpsj.info,22,0,1,0,0,0
https://jqfvhrva.xyz,20,0,1,0,0,0
https://brlrjp.info,19,0,1,0,0,0
http://dozrpgvem.com,20,0,1,0,0,0
https://fxfseaa.xyz,19,0,1,0,0,0
http://jqkcnwu.info,19,0,1,0,0,0
http://kfpiagvjr.com,20,0,1,0,0,0
http://lusrrepqi.info,21,0,1,0,0,0
https://uiiglauif.com,21,0,1,0,0,0
https://calcuerynd.net,22,0,1,0,0,0
http://yvthddau.com,19,0,1,0,0,0
http://sepzt.net,16,0,1,0,0,0
https://ngzbzm.info,19,0,1,0,0,0
https://wohgskss.in,19,0,1,0,0,0
http://khjklrugbz.info,22,0,1,0,0,0
https://jakukh.net,18,0,1,0,0,0
https://tngwbsi.net,19,0,1,0,0,0
https://duwljmpgl.net,21,0,1,0,0,0
http://oumkpvhmv.net,20,0,1,0,0,0
http://rsqnr.com,16,0,1,0,0,0
http://kwnaktx.net,18,0,1,0,0,0
https://xvmtomzd.in,19,0,1,0,0,0
http://xldrnmcndo.com,21,0,1,0,0,0
https://dzlpors.xyz,19,0,1,0,0,0
http://bjobsubh.net,19,0,1,0,0,0
http://wsgihtay.net,19,0,1,0,0,0
https://zabswzms.com,20,0,1,0,0,0
https://tfurgz.in,17,0,1,0,0,0
https://umstuba.net,19,0,1,0,0,0
http://vyyxe.xyz,16,0,1,0,0,0
http://rqzgh.net,16,0,1,0,0,0
http://zthlvmvrx.xyz,20,0,1,0,0,0
https://wqkwaxp.com,19,0,1,0,0,0
https://ulzitb.com,18,0,1,0,0,0
http://adysc.com,16,0,1,0,0,0
http://fbjksc.in,16,0,1,0,0,0
https://jrqtdxfk.org,20,0,1,0,0,0
https://kydlmmveal.com,22,0,1,0,0,0
http://otrhdsl.com,18,0,1,0,0,0
https://fixwf.info,18,0,1,0,0,0
http://ztbsqaiy.info,20,0,1,0,0,0
https://zekjmjsfy.net,21,0,1,0,0,0
https://rboypwoyo.xyz,21,0,1,0,0,0
http://bpcvj.info,17,0,1,0,0,0
https://jhmtp.com,17,0,1,0,0,0
https://sgfhg.net,17,0,1,0,0,0
https://ljruaewqc.in,20,0,1,0,0,0
http://dmuegoyy.net,19,0,1,0,0,0
https://zjwekerlj.com,21,0,1,0,0,0
https://kpnvtbji.info,21,0,1,0,0,0
https://cijqha.net,18,0,1,0,0,0
http://nhvykjhtmx.xyz,21,0,1,0,0,0
http://aujrfelkm.net,20,0,1,0,0,0
http://khjtut.com,17,0,1,0,0,0
http://fldwleebsx.in,20,0,1,0,0,0
https://seybppi.xyz,19,0,1,0,0,0
http://rnxqq.com,16,0,1,0,0,0
https://nilldsjpgf.info,23,0,1,0,0,0
https://gqydsukq.com,20,0,1,0,0,0
http://qsuzb.info,17,0,1,0,0,0
http://vclodlwuht.in,20,0,1,0,0,0
http://wjsbagokkm.net,21,0,1,0,0,0
http://iryulr.info,18,0,1,0,0,0
http://apzreyhl.info,20,0,1,0,0,0
http://krhjicbmz.info,21,0,1,0,0,0
http://isaaxkowsb.org,21,0,1,0,0,0
http://iczmo.xyz,16,0,1,0,0,0
https://lsicmem.in,18,0,1,0,0,0
http://jzmjjf.in,16,0,1,0,0,0
https://ghrdggvw.xyz,20,0,1,0,0,0
http://qvhyltbu.org,19,0,1,0,0,0
http://uohabjiel.org,20,0,1,0,0,0
http://ccshg.info,17,0,1,0,0,0
https://qxkzcmde.in,19,0,1,0,0,0
http://oovmmkil.info,20,0,1,0,0,0
https://slpmnidip.in,20,0,1,0,0,0
https://kxodbzmu.xyz,20,0,1,0,0,0
http://nhmlimov.com,19,0,1,0,0,0
http://qnrrp.org,16,0,1,0,0,0
http://xznusndzwv.org,21,0,1,0,0,0
https://wiqead.com,18,0,1,0,0,0
https://qgqfwhvqir.info,23,0,1,0,0,0
http://uldtyqxc.org,19,0,1,0,0,0
https://slzfrrmmcm.com,22,0,1,0,0,0
http://vrpppjf.in,17,0,1,0,0,0
http://uhllhnz.net,18,0,1,0,0,0
https://hylqlgo.xyz,19,0,1,0,0,0
http://oznwvvwcls.net,21,0,1,0,0,0
http://yjqcyz.info,18,0,1,0,0,0
https://tlgkkwoti.xyz,21,0,1,0,0,0
https://zhudzhoim.info,22,0,1,0,0,0
http://kfydmkqsoi.in,20,0,1,0,0,0
https://rkvrzwe.net,19,0,1,0,0,0
https://sbgakelt.in,19,0,1,0,0,0
http://hcgpygk.in,17,0,1,0,0,0
http://jrvgqve.info,19,0,1,0,0,0
https://jsuvz.org,17,0,1,0,0,0
https://uzwtgefn.in,19,0,1,0,0,0
http://xyfajrtjp.info,21,0,1,0,0,0
http://uwycss.org,17,0,1,0,0,0
https://hxejp.xyz,17,0,1,0,0,0
https://wpjut.xyz,17,0,1,0,0,0
http://ebndnzcnd.xyz,20,0,1,0,0,0
https://hucnjq.info,19,0,1,0,0,0
http://gkfbthnsuu.info,22,0,1,0,0,0
https://rxibtfx.in,18,0,1,0,0,0
https://qqowzve.in,18,0,1,0,0,0
https://laybnf.xyz,18,0,1,0,0,0
https://ermdqycifg.net,22,0,1,0,0,0
http://vvoftum.in,17,0,1,0,0,0
http://uwsqckvn.in,18,0,1,0,0,0
http://hbhkfkvoy.in,19,0,1,0,0,0
http://kfghncjkyj.xyz,21,0,1,0,0,0
http://ilszj.net,16,0,1,0,0,0
http://rklstdzfl.net,20,0,1,0,0,0
http://ixtznd.xyz,17,0,1,0,0,0
https://znodjpx.info,20,0,1,0,0,0
https://svndbwra.info,21,0,1,0,0,0
http://fpzdq.com,16,0,1,0,0,0
http://ypgdnvonh.org,20,0,1,0,0,0
http://zzgcab.xyz,17,0,1,0,0,0
http://jsjkhjqi.org,19,0,1,0,0,0
https://ygatte.in,17,0,1,0,0,0
http://vjhpau.info,18,0,1,0,0,0
http://bgmuvbgb.net,19,0,1,0,0,0
https://waffbhzdco.net,22,0,1,0,0,0
http://wwkkl.info,17,0,1,0,0,0
http://zgrvkqew.org,19,0,1,0,0,0
http://gwmyrkp.org,18,0,1,0,0,0
http://glntztnkz.xyz,20,0,1,0,0,0
https://hrrwusfe.net,20,0,1,0,0,0
http://skdhuit.xyz,18,0,1,0,0,0
https://pbwnfpluxi.com,22,0,1,0,0,0
https://mbqdkkfhog.org,22,0,1,0,0,0
http://izqkuotbx.in,19,0,1,0,0,0
http://qyttwuov.in,18,0,1,0,0,0
http://glvkweoaxa.com,21,0,1,0,0,0
http://dnspwa.in,16,0,1,0,0,0
https://frumxl.info,19,0,1,0,0,0
http://ghtuxwwl.info,20,0,1,0,0,0
http://fhfuel.org,17,0,1,0,0,0
https://bfkuteite.org,21,0,1,0,0,0
http://wwlnbe.xyz,17,0,1,0,0,0
https://qmojiz.net,18,0,1,0,0,0
http://hezbsrc.com,18,0,1,0,0,0
http://ughqf.info,17,0,1,0,0,0
http://anggg.xyz,16,0,1,0,0,0
http://nwsgm.info,17,0,1,0,0,0
http://yofiptirg.xyz,20,0,1,0,0,0
https://lrrknhjj.in,19,0,1,0,0,0
https://ocqnior.com,19,0,1,0,0,0
http://hzscjasail.info,22,0,1,0,0,0
http://avrckwb.org,18,0,1,0,0,0
http://iszwwlprr.org,20,0,1,0,0,0
http://pgclu.in,15,0,1,0,0,0
http://kurvtpoeoj.net,21,0,1,0,0,0
http://pywiqjhdj.xyz,20,0,1,0,0,0
https://azrikdyacg.in,21,0,1,0,0,0
https://ktpmt.org,17,0,1,0,0,0
https://jtwcpyl.com,19,0,1,0,0,0
https://nxcgz.net,17,0,1,0,0,0
https://muprwtre.net,20,0,1,0,0,0
https://dipokf.xyz,18,0,1,0,0,0
https://pbnhtqj.com,19,0,1,0,0,0
http://mjiiw.info,17,0,1,0,0,0
https://twuhbznpe.com,21,0,1,0,0,0
http://ulybkddc.org,19,0,1,0,0,0
https://vpgyetnl.com,20,0,1,0,0,0
http://auxbczn.xyz,18,0,1,0,0,0
https://pibhseg.in,18,0,1,0,0,0
http://uizggoeew.info,21,0,1,0,0,0
http://flqgoa.info,18,0,1,0,0,0
https://ankjh.net,17,0,1,0,0,0
http://vjendaekr.in,19,0,1,0,0,0
https://kbisjn.org,18,0,1,0,0,0
http://htoewl.info,18,0,1,0,0,0
http://bhxbjghc.xyz,19,0,1,0,0,0
https://zimqkwa.org,19,0,1,0,0,0
http://nyblnezt.xyz,19,0,1,0,0,0
http://sardqqkwmr.net,21,0,1,0,0,0
http://kwshi.in,15,0,1,0,0,0
http://wwjbbgzmu.com,20,0,1,0,0,0
http://sqoxdh.xyz,17,0,1,0,0,0
https://txtygaimbv.info,23,0,1,0,0,0
https://kmdpgi.in,17,0,1,0,0,0
http://yhhpooypjc.in,20,0,1,0,0,0
https://abkgagl.info,20,0,1,0,0,0
http://qmwst.xyz,16,0,1,0,0,0
https://yjqbnekpob.net,22,0,1,0,0,0
http://ljxzxirljr.xyz,21,0,1,0,0,0
http://ombtcp.xyz,17,0,1,0,0,0
https://wycmwjf.com,19,0,1,0,0,0
https://vffvgvhtz.xyz,21,0,1,0,0,0
http://pgklwds.org,18,0,1,0,0,0
https://iqeis.info,18,0,1,0,0,0
https://owpxt.info,18,0,1,0,0,0
http://zhudqqw.in,17,0,1,0,0,0
http://ipljetc.in,17,0,1,0,0,0
http://nmszebb.xyz,18,0,1,0,0,0
https://lgnuvjddpp.xyz,22,0,1,0,0,0
http://fstxs.com,16,0,1,0,0,0
http://yxobpgjx.net,19,0,1,0,0,0
http://myeiolmkau.info,22,0,1,0,0,0
http://fwiuqpehu.com,20,0,1,0,0,0
https://ggzkxjgb.com,20,0,1,0,0,0
http://vvtjrvyps.net,20,0,1,0,0,0
https://ditmwax.org,19,0,1,0,0,0
https://bkayamys.com,20,0,1,0,0,0
https://dlxwffrsz.net,21,0,1,0,0,0
https://jqrbesmcj.in,20,0,1,0,0,0
https://kmzotj.info,19,0,1,0,0,0
http://quqlaxwka.org,20,0,1,0,0,0
https://drcjp.net,17,0,1,0,0,0
http://pqwpoztz.info,20,0,1,0,0,0
http://jxnbjlgrl.com,20,0,1,0,0,0
https://tdizcevg.net,20,0,1,0,0,0
https://spkrv.net,17,0,1,0,0,0
http://lzekwxqnsu.org,21,0,1,0,0,0
http://nhdvmebyr.info,21,0,1,0,0,0
http://lrnzknuaaf.xyz,21,0,1,0,0,0
http://xliiboah.com,19,0,1,0,0,0
https://bowwj.org,17,0,1,0,0,0
https://alevlr.info,19,0,1,0,0,0
http://rtdeeiypj.info,21,0,1,0,0,0
http://eaorhieuyc.info,22,0,1,0,0,0
https://indpokgthh.info,23,0,1,0,0,0
https://qemdmfee.com,20,0,1,0,0,0
https://uyqxtqi.in,18,0,1,0,0,0
http://dufvytbju.com,20,0,1,0,0,0
https://yfbxb.in,16,0,1,0,0,0
https://hacox.net,17,0,1,0,0,0
https://vhmzc.in,16,0,1,0,0,0
http://fwamfqfz.info,20,0,1,0,0,0
https://jjsze.net,17,0,1,0,0,0
https://bqumtcw.com,19,0,1,0,0,0
https://dxcker.net,18,0,1,0,0,0
http://vkneslwvr.xyz,20,0,1,0,0,0
https://jlohfva.info,20,0,1,0,0,0
https://yfoygtsmk.com,21,0,1,0,0,0
https://wirmziedop.net,22,0,1,0,0,0
http://hxbhiwr.xyz,18,0,1,0,0,0
https://sfkedpwn.com,20,0,1,0,0,0
https://yjkkpeua.com,20,0,1,0,0,0
http://fbnidnit.net,19,0,1,0,0,0
https://vdyuf.in,16,0,1,0,0,0
http://vhygtpfebr.com,21,0,1,0,0,0
https://uuskfjr.info,20,0,1,0,0,0
http://byvjlvkjdh.in,20,0,1,0,0,0
http://tinnx.com,16,0,1,0,0,0
https://qcovos.org,18,0,1,0,0,0
https://itvsttc.in,18,0,1,0,0,0
http://tmshhqrnu.xyz,20,0,1,0,0,0
https://slhcx.com,17,0,1,0,0,0
http://mgfruj.net,17,0,1,0,0,0
https://dibqwv.info,19,0,1,0,0,0
https://giawuwljjg.com,22,0,1,0,0,0
https://eeqyk.net,17,0,1,0,0,0
https://ghvbtmeab.com,21,0,1,0,0,0
http://funlbnjq.com,19,0,1,0,0,0
http://tntqb.org,16,0,1,0,0,0
https://ptvlwn.net,18,0,1,0,0,0
http://lssyi.info,17,0,1,0,0,0
http://ekligqpf.org,19,0,1,0,0,0
https://oijmmnqkul.com,22,0,1,0,0,0
https://reldats.org,19,0,1,0,0,0
http://zzcms.org,16,0,1,0,0,0
https://jrrpap.in,17,0,1,0,0,0
http://mmnekojzc.in,19,0,1,0,0,0
https://dgvwdt.info,19,0,1,0,0,0
https://lipyz.info,18,0,1,0,0,0
https://aveebf.com,18,0,1,0,0,0
https://yjanx.com,17,0,1,0,0,0
http://ishsdqqzr.info,21,0,1,0,0,0
https://xlwtp.com,17,0,1,0,0,0
http://skdykhi.org,18,0,1,0,0,0
http://fsslfgens.com,20,0,1,0,0,0
https://hvlvq.net,17,0,1,0,0,0
https://fcxxgy.net,18,0,1,0,0,0
http://tzbrdl.net,17,0,1,0,0,0
http://pndrbqq.net,18,0,1,0,0,0
https://hqqzkasv.xyz,20,0,1,0,0,0
https://zmicvxpio.xyz,21,0,1,0,0,0
http://cfdevrlk.net,19,0,1,0,0,0
http://xrgff.in,15,0,1,0,0,0
http://wxawozmdxv.org,21,0,1,0,0,0
http://rsiodwe.xyz,18,0,1,0,0,0
https://misaqzcamm.com,22,0,1,0,0,0
http://utoqya.info,18,0,1,0,0,0
http://vrfkkrthva.com,21,0,1,0,0,0
http://blsdzascxc.info,22,0,1,0,0,0
https://bwylfznkbh.com,22,0,1,0,0,0
http://sptsmfja.net,19,0,1,0,0,0
https://gjfkjjvqvs.com,22,0,1,0,0,0
http://lepxoqyt.info,20,0,1,0,0,0
http://frira.xyz,16,0,1,0,0,0
http://ucgsiuwvn.in,19,0,1,0,0,0
http://zbzfcycbag.org,21,0,1,0,0,0
https://zygxyh.in,17,0,1,0,0,0
http://sscuo.net,16,0,1,0,0,0
http://ntnlwxt.info,19,0,1,0,0,0
https://nhefveooem.xyz,22,0,1,0,0,0
http://rraibclxk.net,20,0,1,0,0,0
http://jedxmoig.info,20,0,1,0,0,0
https://iptonq.in,17,0,1,0,0,0
https://gdtdc.net,17,0,1,0,0,0
http://tbnkjpr.org,18,0,1,0,0,0
https://acuovt.in,17,0,1,0,0,0
http://eoysgzy.org,18,0,1,0,0,0
http://okmbgxj.org,18,0,1,0,0,0
https://trureehaeb.info,23,0,1,0,0,0
http://onzmxi.in,16,0,1,0,0,0
http://tjhmmo.com,17,0,1,0,0,0
https://niiczuvxwv.in,21,0,1,0,0,0
http://mpcvlt.org,17,0,1,0,0,0
http://hxzljic.net,18,0,1,0,0,0
http://zbsutk.in,16,0,1,0,0,0
https://yciizoj.info,20,0,1,0,0,0
http://dyovwivpsj.in,20,0,1,0,0,0
http://mjdnmhgof.com,20,0,1,0,0,0
http://bvbncreogn.com,21,0,1,0,0,0
https://bxpaf.info,18,0,1,0,0,0
https://jpdmqto.info,20,0,1,0,0,0
https://iyzbpour.net,20,0,1,0,0,0
http://wffqlhwv.info,20,0,1,0,0,0
http://jugiztb.xyz,18,0,1,0,0,0
http://ijmpg.com,16,0,1,0,0,0
https://pmjyl.net,17,0,1,0,0,0
http://raospt.net,17,0,1,0,0,0
https://ztpoo.xyz,17,0,1,0,0,0
https://qefbr.in,16,0,1,0,0,0
https://cvxtwzsul.in,20,0,1,0,0,0
https://nbbzbfzwsf.in,21,0,1,0,0,0
http://dkhgjqxnf.com,20,0,1,0,0,0
https://nniqyhorf.net,21,0,1,0,0,0
http://xjhocbpjgs.info,22,0,1,0,0,0
http://bwqsg.xyz,16,0,1,0,0,0
https://lcwwhugtgb.xyz,22,0,1,0,0,0
http://vnpgmomjei.org,21,0,1,0,0,0
https://sxuweyal.info,21,0,1,0,0,0
https://gmowcyjnw.net,21,0,1,0,0,0
https://kknoebwhuc.net,22,0,1,0,0,0
http://lmiwzhie.in,18,0,1,0,0,0
http://wowrjdxv.net,19,0,1,0,0,0
https://evxcrs.info,19,0,1,0,0,0
http://iqwdcvxnf.xyz,20,0,1,0,0,0
https://exauvato.info,21,0,1,0,0,0
http://ukodcutfmi.com,21,0,1,0,0,0
http://nezdp.xyz,16,0,1,0,0,0
http://sozjf.net,16,0,1,0,0,0
https://wrlxm.xyz,17,0,1,0,0,0
https://cazhmwdtlf.org,22,0,1,0,0,0
http://afconjbwoe.xyz,21,0,1,0,0,0
http://armosnt.net,18,0,1,0,0,0
http://poqembh.com,18,0,1,0,0,0
http://sqwfmt.org,17,0,1,0,0,0
http://fnmarcch.xyz,19,0,1,0,0,0
https://evenwt.info,19,0,1,0,0,0
http://pvqubh.xyz,17,0,1,0,0,0
http://oeijcgui.net,19,0,1,0,0,0
https://kwcijxp.in,18,0,1,0,0,0
http://fizpdvbla.org,20,0,1,0,0,0
http://xxiwqgfc.org,19,0,1,0,0,0
http://sbxuu.org,16,0,1,0,0,0
https://ydtdyudbq.info,22,0,1,0,0,0
https://hrbpm.net,17,0,1,0,0,0
https://mecfhg.xyz,18,0,1,0,0,0
http://zingv.net,16,0,1,0,0,0
https://bgtbmp.info,19,0,1,0,0,0
http://ggniyr.net,17,0,1,0,0,0
http://wkvimucs.xyz,19,0,1,0,0,0
http://bjyahwyptk.org,21,0,1,0,0,0
http://dqqikxeyc.com,20,0,1,0,0,0
https://tcxsokb.net,19,0,1,0,0,0
http://synkcf.in,16,0,1,0,0,0
https://hidllqxj.info,21,0,1,0,0,0
http://baeaxj.org,17,0,1,0,0,0
https://wtrqfat.info,20,0,1,0,0,0
https://jydcqpiixp.net,22,0,1,0,0,0
http://pqqcas.xyz,17,0,1,0,0,0
https://mbomlbw.net,19,0,1,0,0,0
https://sopsuuyw.xyz,20,0,1,0,0,0
http://tpwcelcig.org,20,0,1,0,0,0
http://eeotmejts.xyz,20,0,1,0,0,0
http://jtdckzm.com,18,0,1,0,0,0
http://nsnbjoslij.xyz,21,0,1,0,0,0
http://wfunbseucp.in,20,0,1,0,0,0
http://wwkvjrb.org,18,0,1,0,0,0
http://sahyvjiy.com,19,0,1,0,0,0
https://vmagdlnwnb.xyz,22,0,1,0,0,0
http://rvmlu.com,16,0,1,0,0,0
https://udntuo.in,17,0,1,0,0,0
http://xrpruelt.net,19,0,1,0,0,0
http://gjaxgvmpod.info,22,0,1,0,0,0
https://erskrkapiy.info,23,0,1,0,0,0
http://nfdsn.info,17,0,1,0,0,0
http://nfuycybxri.in,20,0,1,0,0,0
http://eqjtfbvbzz.org,21,0,1,0,0,0
http://qdtiezhzh.in,19,0,1,0,0,0
http://yvmgpxnegg.net,21,0,1,0,0,0
http://mcrkaaf.org,18,0,1,0,0,0
https://lgkrnskxqh.org,22,0,1,0,0,0
https://gwibohjs.org,20,0,1,0,0,0
http://tssjo.xyz,16,0,1,0,0,0
http://saxdqz.info,18,0,1,0,0,0
https://orrwyuwqd.in,20,0,1,0,0,0
http://brxsq.com,16,0,1,0,0,0
https://cgavaaxw.in,19,0,1,0,0,0
https://vvzbnhe.org,19,0,1,0,0,0
http://audqbg.org,17,0,1,0,0,0
http://msvqkjy.org,18,0,1,0,0,0
http://xcggdifley.xyz,21,0,1,0,0,0
https://qxfpjvl.info,20,0,1,0,0,0
https://xmzpodiyyy.xyz,22,0,1,0,0,0
http://mfcdyro.info,19,0,1,0,0,0
https://hyqilicn.org,20,0,1,0,0,0
http://wwnei.net,16,0,1,0,0,0
http://hxdvu.org,16,0,1,0,0,0
https://kxyiaxjr.info,21,0,1,0,0,0
https://acnnoao.xyz,19,0,1,0,0,0
http://vwdwqkaq.xyz,19,0,1,0,0,0
https://icmmowhvk.com,21,0,1,0,0,0
http://hccubrerer.xyz,21,0,1,0,0,0
http://zpvefiii.org,19,0,1,0,0,0
https://akcxt.com,17,0,1,0,0,0
http://xubpl.com,16,0,1,0,0,0
https://cqzmf.org,17,0,1,0,0,0
http://kjyvxhu.info,19,0,1,0,0,0
http://dofebm.xyz,17,0,1,0,0,0
http://hlicbh.net,17,0,1,0,0,0
http://ashoycfwm.com,20,0,1,0,0,0
https://isuwuexx.in,19,0,1,0,0,0
https://nuvyzmh.com,19,0,1,0,0,0
http://rocsuwgsx.net,20,0,1,0,0,0
http://afmdlgdgi.info,21,0,1,0,0,0
http://rplxzeweyd.info,22,0,1,0,0,0
https://evixteuh.net,20,0,1,0,0,0
http://gbumpwsb.xyz,19,0,1,0,0,0
http://yasgzudv.com,19,0,1,0,0,0
https://wwxemnme.org,20,0,1,0,0,0
http://vjxto.com,16,0,1,0,0,0
http://jrwqurqwy.net,20,0,1,0,0,0
http://awemzv.net,17,0,1,0,0,0
https://jlhkrp.xyz,18,0,1,0,0,0
http://smciablww.xyz,20,0,1,0,0,0
http://cwibwzpxyx.in,20,0,1,0,0,0
https://brddpd.xyz,18,0,1,0,0,0
https://haiikkug.org,20,0,1,0,0,0
https://xsvfgqbqog.info,23,0,1,0,0,0
http://gzgskmmmk.info,21,0,1,0,0,0
https://fugpgfos.xyz,20,0,1,0,0,0
https://arcvfai.in,18,0,1,0,0,0
http://ovrafnf.org,18,0,1,0,0,0
https://laebm.xyz,17,0,1,0,0,0
https://zxoug.org,17,0,1,0,0,0
https://ehlyz.info,18,0,1,0,0,0
http://mjdclfuzhg.com,21,0,1,0,0,0
http://ilyttk.org,17,0,1,0,0,0
http://uvcsqfy.com,18,0,1,0,0,0
https://cwzvciwg.info,21,0,1,0,0,0
https://pdanzjrq.info,21,0,1,0,0,0
https://ipfjd.net,17,0,1,0,0,0
https://wzmfhxm.in,18,0,1,0,0,0
http://mwsyxvvo.org,19,0,1,0,0,0
http://tmlnj.in,15,0,1,0,0,0
http://abvmanvmsm.xyz,21,0,1,0,0,0
https://xeaiqorad.org,21,0,1,0,0,0
https://cqluovelxl.info,23,0,1,0,0,0
http://lbtsvoasn.in,19,0,1,0,0,0
http://fhzfeoswxv.in,20,0,1,0,0,0
http://vldzhe.net,17,0,1,0,0,0
https://wmkngvggld.info,23,0,1,0,0,0
http://zepoxvuncu.info,22,0,1,0,0,0
http://fhqht.com,16,0,1,0,0,0
http://sewtf.com,16,0,1,0,0,0
https://iqklu.org,17,0,1,0,0,0
http://knpwfzlk.xyz,19,0,1,0,0,0
http://mdlxnerau.net,20,0,1,0,0,0
http://yxjirnfczd.in,20,0,1,0,0,0
https://edpkryz.net,19,0,1,0,0,0
http://vwwjkstgin.net,21,0,1,0,0,0
http://igtmwmnp.org,19,0,1,0,0,0
https://ghmos.in,16,0,1,0,0,0
https://qpffi.com,17,0,1,0,0,0
https://rxkajcm.com,19,0,1,0,0,0
http://gaxxw.info,17,0,1,0,0,0
https://gqssensfla.org,22,0,1,0,0,0
https://ylkdo.net,17,0,1,0,0,0
https://ubecbgbs.info,21,0,1,0,0,0
https://zqonl.in,16,0,1,0,0,0
http://uylrcchebh.com,21,0,1,0,0,0
http://hvzyjjxqqb.in,20,0,1,0,0,0
https://ymwjjzc.com,19,0,1,0,0,0
https://uwswtklhy.com,21,0,1,0,0,0
https://hdbvjcv.net,19,0,1,0,0,0
https://gkbxofdrw.in,20,0,1,0,0,0
http://rkwery.xyz,17,0,1,0,0,0
https://aqhpao.org,18,0,1,0,0,0
http://bvpcbvq.xyz,18,0,1,0,0,0
http://pklzviyccj.com,21,0,1,0,0,0
https://pxtnkvgkr.xyz,21,0,1,0,0,0
https://vtujxl.info,19,0,1,0,0,0
https://akyzm.net,17,0,1,0,0,0
https://kbuqkwc.org,19,0,1,0,0,0
https://xjzftn.org,18,0,1,0,0,0
http://sbjalrxkmn.in,20,0,1,0,0,0
http://alnquqfvkc.in,20,0,1,0,0,0
https://wkmjbtr.info,20,0,1,0,0,0
https://psxmaz.com,18,0,1,0,0,0
http://mcnsdrl.org,18,0,1,0,0,0
https://tuglc.net,17,0,1,0,0,0
https://bitkqshdy.org,21,0,1,0,0,0
http://wbjdbohg.com,19,0,1,0,0,0
https://usqcoji.in,18,0,1,0,0,0
https://rhzegke.info,20,0,1,0,0,0
https://ndwhhvx.xyz,19,0,1,0,0,0
http://qjaktzg.org,18,0,1,0,0,0
http://xudkzo.in,16,0,1,0,0,0
https://djqszlth.com,20,0,1,0,0,0
http://xpyvfks.xyz,18,0,1,0,0,0
https://qdcsypm.info,20,0,1,0,0,0
https://mejdwzpull.org,22,0,1,0,0,0
https://fwvszvlfnc.info,23,0,1,0,0,0
https://bcchmkf.net,19,0,1,0,0,0
http://fiiqsp.net,17,0,1,0,0,0
http://oajev.org,16,0,1,0,0,0
https://xignmomh.in,19,0,1,0,0,0
https://lwbqfffic.net,21,0,1,0,0,0
https://bzsajlx.org,19,0,1,0,0,0
https://dqcog.com,17,0,1,0,0,0
https://mhijslc.net,19,0,1,0,0,0
https://zqrmbc.net,18,0,1,0,0,0
http://rmuceclu.in,18,0,1,0,0,0
https://bhbargmrjj.info,23,0,1,0,0,0
http://cafezu.org,17,0,1,0,0,0
http://szfrvzzk.info,20,0,1,0,0,0
https://mhehw.in,16,0,1,0,0,0
https://mwexgjcxnp.in,21,0,1,0,0,0
http://siwcgppad.org,20,0,1,0,0,0
https://fdbuh.xyz,17,0,1,0,0,0
https://gezofkhe.org,20,0,1,0,0,0
http://ffvjb.com,16,0,1,0,0,0
http://anrus.in,15,0,1,0,0,0
https://ltuxfphp.info,21,0,1,0,0,0
https://gubwekr.com,19,0,1,0,0,0
https://igqzxsr.info,20,0,1,0,0,0
https://kxcbshmfqw.net,22,0,1,0,0,0
http://vwsxk.info,17,0,1,0,0,0
http://uuklrq.info,18,0,1,0,0,0
http://esunsimzk.in,19,0,1,0,0,0
https://ayiwhwp.net,19,0,1,0,0,0
http://epzct.in,15,0,1,0,0,0
http://jdnlau.info,18,0,1,0,0,0
http://jvqxoo.in,16,0,1,0,0,0
https://wqwjvv.xyz,18,0,1,0,0,0
https://rsxptpj.xyz,19,0,1,0,0,0
http://kesijsonni.org,21,0,1,0,0,0
https://ctinfshxu.in,20,0,1,0,0,0
https://vnasrlphqc.org,22,0,1,0,0,0
http://tgxacw.xyz,17,0,1,0,0,0
https://rhbhdg.net,18,0,1,0,0,0
http://rrnzfk.xyz,17,0,1,0,0,0
https://zuhybbrc.info,21,0,1,0,0,0
http://tidkitrp.net,19,0,1,0,0,0
https://ttedyya.xyz,19,0,1,0,0,0
https://aupwogxqy.in,20,0,1,0,0,0
https://sawvy.xyz,17,0,1,0,0,0
http://deejubgji.xyz,20,0,1,0,0,0
https://ptjfwf.in,17,0,1,0,0,0
http://hzthvobsj.net,20,0,1,0,0,0
http://duuihobq.org,19,0,1,0,0,0
https://rctjl.org,17,0,1,0,0,0
http://haooouoch.in,19,0,1,0,0,0
http://jtmsxgzcrn.xyz,21,0,1,0,0,0
http://nuzisphmry.xyz,21,0,1,0,0,0
https://alnzaonx.info,21,0,1,0,0,0
http://nxljuu.org,17,0,1,0,0,0
https://rffqbrxq.net,20,0,1,0,0,0
http://bsrrsxwsae.org,21,0,1,0,0,0
https://cuwuoohvj.org,21,0,1,0,0,0
https://bppswawlln.in,21,0,1,0,0,0
http://povtgcnw.info,20,0,1,0,0,0
http://dfaxr.info,17,0,1,0,0,0
https://hxwdeujlas.org,22,0,1,0,0,0
http://vybzklf.xyz,18,0,1,0,0,0
https://eegzu.net,17,0,1,0,0,0
http://vlgjrqah.xyz,19,0,1,0,0,0
https://szicsd.net,18,0,1,0,0,0
http://psbelbup.com,19,0,1,0,0,0
https://cntpuaxcnr.xyz,22,0,1,0,0,0
https://brwhk.in,16,0,1,0,0,0
https://snfka.com,17,0,1,0,0,0
http://fivzi.com,16,0,1,0,0,0
http://nmhoznwr.in,18,0,1,0,0,0
https://rkkjmmda.in,19,0,1,0,0,0
http://qkynj.org,16,0,1,0,0,0
http://srosdbk.info,19,0,1,0,0,0
https://gadynpjvcg.org,22,0,1,0,0,0
http://oiqjt.org,16,0,1,0,0,0
http://oksjpq.info,18,0,1,0,0,0
http://dbbofs.xyz,17,0,1,0,0,0
http://gmzomdehf.net,20,0,1,0,0,0
http://fnjvhzra.in,18,0,1,0,0,0
http://mplbxrx.org,18,0,1,0,0,0
https://kjdit.info,18,0,1,0,0,0
http://pnqtondtb.info,21,0,1,0,0,0
https://ccgmvdz.info,20,0,1,0,0,0
http://fkbidtjv.org,19,0,1,0,0,0
http://tnetopwq.com,19,0,1,0,0,0
https://zhxegorx.com,20,0,1,0,0,0
http://cvzwtzwwzw.org,21,0,1,0,0,0
https://yetgxyx.in,18,0,1,0,0,0
http://cppjo.net,16,0,1,0,0,0
http://wsvcz.org,16,0,1,0,0,0
https://jnsieztw.net,20,0,1,0,0,0
http://yhfxczruz.org,20,0,1,0,0,0
http://jnnhnul.net,18,0,1,0,0,0
http://fybhsrzkjm.org,21,0,1,0,0,0
https://serqhmhdzh.in,21,0,1,0,0,0
http://wjpiv.org,16,0,1,0,0,0
http://rxlrk.org,16,0,1,0,0,0
http://wuqasmei.com,19,0,1,0,0,0
https://lvapwls.com,19,0,1,0,0,0
https://qvwjwgwmgh.info,23,0,1,0,0,0
http://kqfsqiv.org,18,0,1,0,0,0
https://iblrvo.org,18,0,1,0,0,0
https://fkujtbeorx.net,22,0,1,0,0,0
http://kkfeu.info,17,0,1,0,0,0
http://sazjdm.net,17,0,1,0,0,0
https://hlrsfue.com,19,0,1,0,0,0
https://aaodwjh.in,18,0,1,0,0,0
https://ymlyw.in,16,0,1,0,0,0
https://pzoeqhvqpj.info,23,0,1,0,0,0
http://ahggp.org,16,0,1,0,0,0
http://nakqd.net,16,0,1,0,0,0
https://qxizaipb.net,20,0,1,0,0,0
https://cctgvh.net,18,0,1,0,0,0
http://ddbkjkfjno.xyz,21,0,1,0,0,0
https://xytzyj.org,18,0,1,0,0,0
http://ezcbni.org,17,0,1,0,0,0
https://awdwfdrhk.in,20,0,1,0,0,0
http://waelhwxyb.com,20,0,1,0,0,0
https://tbvfxhldhr.xyz,22,0,1,0,0,0
http://ufecysavjk.com,21,0,1,0,0,0
https://cxefqyu.info,20,0,1,0,0,0
http://nqqxrs.xyz,17,0,1,0,0,0
http://obwguaxf.org,19,0,1,0,0,0
https://karyuw.net,18,0,1,0,0,0
https://hklxi.xyz,17,0,1,0,0,0
http://mtctqpcz.com,19,0,1,0,0,0
http://vyljxph.com,18,0,1,0,0,0
https://jheer.com,17,0,1,0,0,0
https://gyrbgoqq.org,20,0,1,0,0,0
https://wipvd.org,17,0,1,0,0,0
https://xynotqbnh.com,21,0,1,0,0,0
http://cdwsh.net,16,0,1,0,0,0
http://kkcstkqjgw.com,21,0,1,0,0,0
https://eprcjsfapc.net,22,0,1,0,0,0
http://gchgfn.net,17,0,1,0,0,0
http://ewhzbbuoa.org,20,0,1,0,0,0
http://igsjnik.org,18,0,1,0,0,0
http://fxpjfbr.xyz,18,0,1,0,0,0
http://xvynz.info,17,0,1,0,0,0
https://anfgk.org,17,0,1,0,0,0
https://spjhaoto.in,19,0,1,0,0,0
http://hdxafxvtx.in,19,0,1,0,0,0
https://zcxhsqzwp.info,22,0,1,0,0,0
http://woakxn.xyz,17,0,1,0,0,0
http://cyqucrp.xyz,18,0,1,0,0,0
https://gbcjxdhamk.net,22,0,1,0,0,0
https://grjwho.xyz,18,0,1,0,0,0
http://ohaandubs.info,21,0,1,0,0,0
https://dmbkbhcjn.org,21,0,1,0,0,0
http://curbrwd.org,18,0,1,0,0,0
https://qkxxkb.in,17,0,1,0,0,0
http://ygxsof.info,18,0,1,0,0,0
http://csypqveqz.com,20,0,1,0,0,0
https://qlticfju.in,19,0,1,0,0,0
http://oytfjvwef.info,21,0,1,0,0,0
http://xhshm.com,16,0,1,0,0,0
http://gtukbl.com,17,0,1,0,0,0
https://scrfpuwm.net,20,0,1,0,0,0
http://bwmkksii.in,18,0,1,0,0,0
https://eowykz.net,18,0,1,0,0,0
http://dmcapta.in,17,0,1,0,0,0
http://igknsq.com,17,0,1,0,0,0
http://kwqlz.info,17,0,1,0,0,0
http://ymxybfrl.in,18,0,1,0,0,0
https://yvgdy.net,17,0,1,0,0,0
https://vbgpe.xyz,17,0,1,0,0,0
https://oybofexik.xyz,21,0,1,0,0,0
https://ofdmldkf.in,19,0,1,0,0,0
https://adyhebz.net,19,0,1,0,0,0
https://hsgie.in,16,0,1,0,0,0
https://whhpubfwr.net,21,0,1,0,0,0
https://wewdjixh.com,20,0,1,0,0,0
http://fvvmxco.com,18,0,1,0,0,0
http://gqgqdpcpys.com,21,0,1,0,0,0
https://prusxxj.com,19,0,1,0,0,0
http://sdyexxvjo.net,20,0,1,0,0,0
https://dkbraiww.net,20,0,1,0,0,0
https://qsouozvbv.org,21,0,1,0,0,0
http://xgtakt.info,18,0,1,0,0,0
http://dujgnbiph.net,20,0,1,0,0,0
http://tyelm.com,16,0,1,0,0,0
https://fjzuk.org,17,0,1,0,0,0
http://yhhdx.com,16,0,1,0,0,0
https://rtfoilws.com,20,0,1,0,0,0
http://ruopcudu.com,19,0,1,0,0,0
https://xcxouspcib.info,23,0,1,0,0,0
http://tqmwrsor.com,19,0,1,0,0,0
https://idyxll.info,19,0,1,0,0,0
http://ottaltaff.com,20,0,1,0,0,0
https://rpirubm.in,18,0,1,0,0,0
http://ljdmo.info,17,0,1,0,0,0
https://bmnvxjp.xyz,19,0,1,0,0,0
https://lepinqtwy.net,21,0,1,0,0,0
http://kczrv.org,16,0,1,0,0,0
https://hrnuvfar.info,21,0,1,0,0,0
https://eueajtv.info,20,0,1,0,0,0
https://awswaro.info,20,0,1,0,0,0
https://opnjf.in,16,0,1,0,0,0
http://fewau.net,16,0,1,0,0,0
http://sspedikp.net,19,0,1,0,0,0
https://rsbhnw.net,18,0,1,0,0,0
http://kgavnwtm.com,19,0,1,0,0,0
http://yqcawnv.xyz,18,0,1,0,0,0
https://tdcuvfbdg.info,22,0,1,0,0,0
http://zokvslhh.org,19,0,1,0,0,0
https://heooijkuj.in,20,0,1,0,0,0
https://pkfzqusv.info,21,0,1,0,0,0
http://kiugwgevqw.in,20,0,1,0,0,0
http://uplakgvfoo.xyz,21,0,1,0,0,0
https://lhkabszgwy.com,22,0,1,0,0,0
https://qlucchk.xyz,19,0,1,0,0,0
http://sbylmfmpcd.net,21,0,1,0,0,0
http://ulvuwb.net,17,0,1,0,0,0
https://bocazjw.com,19,0,1,0,0,0
https://cuxdv.info,18,0,1,0,0,0
https://mjnfgfase.xyz,21,0,1,0,0,0
http://ygcrwrcewr.com,21,0,1,0,0,0
http://mwznefo.xyz,18,0,1,0,0,0
https://fodthdzs.org,20,0,1,0,0,0
https://lehul.net,17,0,1,0,0,0
http://kalwdcawoa.com,21,0,1,0,0,0
https://hqwuw.xyz,17,0,1,0,0,0
http://baplds.in,16,0,1,0,0,0
http://lemxfnvj.info,20,0,1,0,0,0
http://xosdfsky.org,19,0,1,0,0,0
https://ovqqtj.com,18,0,1,0,0,0
https://ygsirmf.org,19,0,1,0,0,0
https://vnfjrv.org,18,0,1,0,0,0
http://pkaayccms.net,20,0,1,0,0,0
https://anhnya.net,18,0,1,0,0,0
https://toctmtgvw.in,20,0,1,0,0,0
https://lmchippd.in,19,0,1,0,0,0
https://hbpjqtq.xyz,19,0,1,0,0,0
http://jrarf.in,15,0,1,0,0,0
http://uvebm.com,16,0,1,0,0,0
http://vjohbdlte.in,19,0,1,0,0,0
http://ttfgncrvl.net,20,0,1,0,0,0
http://tuahha.xyz,17,0,1,0,0,0
http://tokchr.com,17,0,1,0,0,0
http://mnely.net,16,0,1,0,0,0
http://dircnoeor.info,21,0,1,0,0,0
http://zgpkerg.org,18,0,1,0,0,0
http://mdhht.com,16,0,1,0,0,0
https://vwdknab.net,19,0,1,0,0,0
https://kkvqthkaqv.org,22,0,1,0,0,0
http://rlmfqlvdp.com,20,0,1,0,0,0
https://nxorehobpa.org,22,0,1,0,0,0
https://xmkscqd.in,18,0,1,0,0,0
http://pmvoswgknd.org,21,0,1,0,0,0
https://pfpvwe.net,18,0,1,0,0,0
https://gwamfqiz.org,20,0,1,0,0,0
http://vqgvitlr.xyz,19,0,1,0,0,0
https://bgbkokt.info,20,0,1,0,0,0
https://fjkpkn.org,18,0,1,0,0,0
https://ttdpzalyay.net,22,0,1,0,0,0
http://smaxmvdd.org,19,0,1,0,0,0
https://wlyvtkw.com,19,0,1,0,0,0
https://anxcmscp.net,20,0,1,0,0,0
https://ummice.net,18,0,1,0,0,0
http://ffgbavpkd.info,21,0,1,0,0,0
http://xodtvikved.xyz,21,0,1,0,0,0
http://qiaaw.info,17,0,1,0,0,0
http://xnyngqi.net,18,0,1,0,0,0
https://xrcjudupjj.in,21,0,1,0,0,0
https://prmjpzp.net,19,0,1,0,0,0
http://rrivz.org,16,0,1,0,0,0
http://numuy.in,15,0,1,0,0,0
http://odfrv.xyz,16,0,1,0,0,0
https://ornatlu.net,19,0,1,0,0,0
http://sxabrv.in,16,0,1,0,0,0
https://kcajsrxu.info,21,0,1,0,0,0
https://bovaoy.info,19,0,1,0,0,0
http://gmxqazky.info,20,0,1,0,0,0
http://slhwnfnv.in,18,0,1,0,0,0
https://jcuqcqtgwb.in,21,0,1,0,0,0
http://xcnjumwye.org,20,0,1,0,0,0
https://cfoukzafn.com,21,0,1,0,0,0
http://nvphs.xyz,16,0,1,0,0,0
https://mtihtcwbuo.org,22,0,1,0,0,0
https://ytvejmyk.net,20,0,1,0,0,0
https://qokko.in,16,0,1,0,0,0
https://rwcemco.org,19,0,1,0,0,0
https://vmkms.org,17,0,1,0,0,0
http://sadcud.info,18,0,1,0,0,0
https://rugrwbvyl.com,21,0,1,0,0,0
http://smrryyal.in,18,0,1,0,0,0
http://vowdxresy.net,20,0,1,0,0,0
https://yomdbfrhyr.xyz,22,0,1,0,0,0
https://psovbt.org,18,0,1,0,0,0
http://wysanx.com,17,0,1,0,0,0
http://amnay.net,16,0,1,0,0,0
http://bfceayw.in,17,0,1,0,0,0
http://grneqrayu.xyz,20,0,1,0,0,0
http://login-zwimnxdv.net,25,0,1,0,1,1
http://secure-aleixsiqrb.info,29,0,1,0,1,1
http://164.135.252.33/login,27,0,3,1,1,1
http://update-lyvmt.com,23,0,1,0,1,1
http://nbwqnynlc.org/update,27,0,1,0,1,1
http://secure-pwykalidqp.info,29,0,1,0,1,1
http://132.119.0.8/secure,25,0,3,1,1,1
http://update-hpxif.com,23,0,1,0,1,1
http://free-oyxdfps.in,22,0,1,0,1,1
http://verify-kmzqhdo.info,26,0,1,0,1,1
http://103.152.91.2/verify,26,0,3,1,1,1
http://optnqqa.com/verify,25,0,1,0,1,1
http://191.158.99.80/free,25,0,3,1,1,1
http://update-ptaxngq.xyz,25,0,1,0,1,1
http://login-zvbickai.in,24,0,1,0,1,1
http://update-bpyyyaqnh.info,28,0,1,0,1,1
http://update-dzfgjza.info,26,0,1,0,1,1
http://mxwpmgeff.org/bonus,26,0,1,0,1,1
http://241.158.195.159/free,27,0,3,1,1,1
http://mrmgve.xyz/bank,22,0,1,0,1,1
http://bank-kpennmjdom.net,26,0,1,0,1,1
http://update-zirvdd.in,23,0,1,0,1,1
http://gocue.info/bank,22,0,1,0,1,1
http://246.223.122.159/bank,27,0,3,1,1,1
http://104.210.225.250/free,27,0,3,1,1,1
http://188.93.196.10/login,26,0,3,1,1,1
http://dxezlzimd.xyz/bank,25,0,1,0,1,1
http://verify-snxhqva.org,25,0,1,0,1,1
http://tjqmlu.in/update,23,0,1,0,1,1
http://update-zvrwvxowqz.net,28,0,1,0,1,1
http://bank-rfzemokqk.xyz,25,0,1,0,1,1
http://152.208.187.240/bank,27,0,3,1,1,1
http://181.203.28.115/secure,28,0,3,1,1,1
http://update-zjezhmjued.info,29,0,1,0,1,1
http://aqreiqszxj.xyz/free,26,0,1,0,1,1
http://rojsitvkw.org/bonus,26,0,1,0,1,1
http://update-ywnhx.com,23,0,1,0,1,1
http://bonus-ughiim.in,22,0,1,0,1,1
http://secure-arnbl.info,24,0,1,0,1,1
http://secure-plbiza.info,25,0,1,0,1,1
http://211.99.15.209/login,26,0,3,1,1,1
http://verify-rstvwfexu.org,27,0,1,0,1,1
http://free-gfzml.com,21,0,1,0,1,1
http://238.80.195.15/bonus,26,0,3,1,1,1
http://free-zkgcp.in,20,0,1,0,1,1
http://login-rcqzf.in,21,0,1,0,1,1
http://fsftnto.in/bonus,23,0,1,0,1,1
http://jdfhid.xyz/bank,22,0,1,0,1,1
http://bank-mkwor.net,21,0,1,0,1,1
http://secure-inyyyvg.net,25,0,1,0,1,1
http://jwdpmvo.net/secure,25,0,1,0,1,1
http://174.96.166.248/verify,28,0,3,1,1,1
http://login-qbkcb.net,22,0,1,0,1,1
http://login-tefif.info,23,0,1,0,1,1
http://lxvdg.net/update,23,0,1,0,1,1
http://191.244.244.31/secure,28,0,3,1,1,1
http://142.117.111.53/bank,26,0,3,1,1,1
http://free-gbtqwskhhm.in,25,0,1,0,1,1
http://vlxtovkls.org/bank,25,0,1,0,1,1
http://update-euyeid.xyz,24,0,1,0,1,1
http://136.125.141.174/update,29,0,3,1,1,1
http://118.131.224.55/verify,28,0,3,1,1,1
http://free-lphvmnnz.info,25,0,1,0,1,1
http://free-ueuvujy.net,23,0,1,0,1,1
http://104.179.19.210/login,27,0,3,1,1,1
http://206.156.237.173/bonus,28,0,3,1,1,1
http://203.18.31.166/secure,27,0,3,1,1,1
http://bonus-zlvkmbib.com,25,0,1,0,1,1
http://227.166.222.49/free,26,0,3,1,1,1
http://bonus-gqqeidq.com,24,0,1,0,1,1
http://dxyzxgyd.com/free,24,0,1,0,1,1
http://login-cfsyr.org,22,0,1,0,1,1
http://nktpi.info/secure,24,0,1,0,1,1
http://239.230.238.196/secure,29,0,3,1,1,1
http://yjbpuxmgt.com/verify,27,0,1,0,1,1
http://ttzqy.in/secure,22,0,1,0,1,1
http://114.71.157.62/free,25,0,3,1,1,1
http://200.130.125.219/free,27,0,3,1,1,1
http://qkkvbncl.xyz/verify,26,0,1,0,1,1
http://yzplb.xyz/bank,21,0,1,0,1,1
http://222.54.124.162/bonus,27,0,3,1,1,1
http://bank-qcyosbkjw.org,25,0,1,0,1,1
http://secure-ifqplbat.org,26,0,1,0,1,1
http://dijfuvd.org/secure,25,0,1,0,1,1
http://bank-wccpllnxh.in,24,0,1,0,1,1
http://bank-gntmjgww.org,24,0,1,0,1,1
http://login-ulroao.info,24,0,1,0,1,1
http://verify-yifhjxi.in,24,0,1,0,1,1
http://xfehpqfewd.com/verify,28,0,1,0,1,1
http://224.77.177.110/update,28,0,3,1,1,1
http://bank-oxwox.net,21,0,1,0,1,1
http://132.213.102.251/secure,29,0,3,1,1,1
http://ogwji.in/verify,22,0,1,0,1,1
http://hviuetle.xyz/login,25,0,1,0,1,1
http://220.216.226.254/bonus,28,0,3,1,1,1
http://free-xwcjncpf.info,25,0,1,0,1,1
http://login-poxrtssf.xyz,25,0,1,0,1,1
http://erhhjb.net/verify,24,0,1,0,1,1
http://hxixcet.com/login,24,0,1,0,1,1
http://137.73.50.102/bonus,26,0,3,1,1,1
http://login-zmmwmbis.xyz,25,0,1,0,1,1
http://160.6.130.255/secure,27,0,3,1,1,1
http://igyyd.in/bonus,21,0,1,0,1,1
http://update-zafuula.org,25,0,1,0,1,1
http://secure-cncgok.net,24,0,1,0,1,1
http://srwlyyn.com/bonus,24,0,1,0,1,1
http://153.112.107.75/free,26,0,3,1,1,1
http://free-pesxx.com,21,0,1,0,1,1
http://bank-txrylabeii.info,27,0,1,0,1,1
http://kozyjscbjj.org/login,27,0,1,0,1,1
http://update-pftmobxfm.net,27,0,1,0,1,1
http://130.232.196.234/free,27,0,3,1,1,1
http://login-xwbhbgghiw.xyz,27,0,1,0,1,1
http://161.30.80.146/login,26,0,3,1,1,1
http://113.120.51.73/verify,27,0,3,1,1,1
http://225.72.106.158/login,27,0,3,1,1,1
http://210.144.222.177/secure,29,0,3,1,1,1
http://ijhxhbu.org/bonus,24,0,1,0,1,1
http://meqwzgd.net/bank,23,0,1,0,1,1
http://verify-vsjws.info,24,0,1,0,1,1
http://bank-hjdtl.in,20,0,1,0,1,1
http://qfftqjhwzm.xyz/bonus,27,0,1,0,1,1
http://update-jjxxdykgo.xyz,27,0,1,0,1,1
http://236.24.98.17/bank,24,0,3,1,1,1
http://bank-tlbnvigho.com,25,0,1,0,1,1
http://login-fvwbgyju.xyz,25,0,1,0,1,1
http://verify-wixjgn.in,23,0,1,0,1,1
http://free-rfmjexfuwy.org,26,0,1,0,1,1
http://free-bfaqdilqc.org,25,0,1,0,1,1
http://127.8.124.108/bank,25,0,3,1,1,1
http://bdsug.xyz/secure,23,0,1,0,1,1
http://140.14.134.191/update,28,0,3,1,1,1
http://220.144.147.54/bank,26,0,3,1,1,1
http://bonus-kzrptfkw.in,24,0,1,0,1,1
http://login-guiyyvwscm.in,26,0,1,0,1,1
http://secure-dclwyx.com,24,0,1,0,1,1
http://219.249.19.15/update,27,0,3,1,1,1
http://210.66.158.82/secure,27,0,3,1,1,1
http://101.135.146.56/verify,28,0,3,1,1,1
http://update-sdodj.com,23,0,1,0,1,1
http://free-ztjnv.com,21,0,1,0,1,1
http://212.134.51.149/update,28,0,3,1,1,1
http://140.225.222.248/secure,29,0,3,1,1,1
http://bonus-whbliqdw.in,24,0,1,0,1,1
http://117.176.35.8/login,25,0,3,1,1,1
http://xkgrxokvsl.net/login,27,0,1,0,1,1
http://login-egalvburms.net,27,0,1,0,1,1
http://update-gmqegfmz.info,27,0,1,0,1,1
http://qjopy.info/login,23,0,1,0,1,1
http://bvvuk.info/login,23,0,1,0,1,1
http://verify-vuxmusjj.in,25,0,1,0,1,1
http://verify-crnbw.info,24,0,1,0,1,1
http://226.109.166.255/bonus,28,0,3,1,1,1
http://aldunhwo.com/free,24,0,1,0,1,1
http://wgywhqajc.org/update,27,0,1,0,1,1
http://bank-ekqai.xyz,21,0,1,0,1,1
http://bank-nnvgz.org,21,0,1,0,1,1
http://121.14.118.27/free,25,0,3,1,1,1
http://secure-wmhyizp.com,25,0,1,0,1,1
http://vfstjxqrml.xyz/update,28,0,1,0,1,1
http://jhylws.in/update,23,0,1,0,1,1
http://frjblwb.info/login,25,0,1,0,1,1
http://xarml.net/bonus,22,0,1,0,1,1
http://143.136.49.248/bank,26,0,3,1,1,1
http://201.80.91.144/free,25,0,3,1,1,1
http://hrjxyipqc.in/free,24,0,1,0,1,1
http://rdlit.xyz/update,23,0,1,0,1,1
http://181.153.87.95/free,25,0,3,1,1,1
http://jigizr.net/bank,22,0,1,0,1,1
http://btcqhzzs.org/bank,24,0,1,0,1,1
http://hvqyejwrm.org/free,25,0,1,0,1,1
http://oguowvmabf.in/login,26,0,1,0,1,1
http://nytjwh.in/login,22,0,1,0,1,1
http://scudu.org/bonus,22,0,1,0,1,1
http://ctsszln.net/login,24,0,1,0,1,1
http://verify-orogrqcb.org,26,0,1,0,1,1
http://198.87.59.3/bonus,24,0,3,1,1,1
http://etdfdqn.com/bank,23,0,1,0,1,1
http://177.245.46.8/update,26,0,3,1,1,1
http://249.171.35.191/bonus,27,0,3,1,1,1
http://209.244.29.126/login,27,0,3,1,1,1
http://ilnxrdgwek.org/verify,28,0,1,0,1,1
http://secure-pvwufgrwl.in,26,0,1,0,1,1
http://bank-ughcbrnime.net,26,0,1,0,1,1
http://wuxwjsjjdq.net/bonus,27,0,1,0,1,1
http://verify-khklnffsi.org,27,0,1,0,1,1
http://login-gdevbud.net,24,0,1,0,1,1
http://218.72.46.251/verify,27,0,3,1,1,1
http://update-jledum.info,25,0,1,0,1,1
http://mjkxcc.info/free,23,0,1,0,1,1
http://134.85.128.154/bonus,27,0,3,1,1,1
http://dkbfqmuvj.info/secure,28,0,1,0,1,1
http://141.115.214.199/verify,29,0,3,1,1,1
http://secure-qadxd.org,23,0,1,0,1,1
http://olychtfqv.in/update,26,0,1,0,1,1
http://verify-nqmsg.xyz,23,0,1,0,1,1
http://verify-usqagwyz.com,26,0,1,0,1,1
http://153.167.113.108/secure,29,0,3,1,1,1
http://213.44.68.211/free,25,0,3,1,1,1
http://vnxzzowlry.in/free,25,0,1,0,1,1
http://150.89.55.106/update,27,0,3,1,1,1
http://login-qtixb.com,22,0,1,0,1,1
http://177.9.165.207/update,27,0,3,1,1,1
http://195.212.150.46/bank,26,0,3,1,1,1
http://hbvwgly.xyz/bank,23,0,1,0,1,1
http://kwbzxoxaf.xyz/bank,25,0,1,0,1,1
http://imuajarnz.xyz/login,26,0,1,0,1,1
http://verify-yrgux.info,24,0,1,0,1,1
http://glxerhjtkm.org/bank,26,0,1,0,1,1
http://jcdod.in/verify,22,0,1,0,1,1
http://dkdjomour.org/free,25,0,1,0,1,1
http://bank-dnggxyevuk.net,26,0,1,0,1,1
http://jmokmjjwfl.xyz/verify,28,0,1,0,1,1
http://update-sbdynhyk.org,26,0,1,0,1,1
http://dunqk.org/update,23,0,1,0,1,1
http://132.16.122.112/update,28,0,3,1,1,1
http://227.190.202.183/bonus,28,0,3,1,1,1
http://login-xgjsp.net,22,0,1,0,1,1
http://srxppe.org/update,24,0,1,0,1,1
http://nxeupfqw.xyz/bonus,25,0,1,0,1,1
http://217.134.219.158/login,28,0,3,1,1,1
http://107.137.163.31/login,27,0,3,1,1,1
http://pwojsgtcr.com/secure,27,0,1,0,1,1
http://239.61.99.174/verify,27,0,3,1,1,1
http://aucxfk.xyz/bank,22,0,1,0,1,1
http://xxxicw.com/free,22,0,1,0,1,1
http://free-lxzbye.com,22,0,1,0,1,1
http://255.9.255.23/bonus,25,0,3,1,1,1
http://free-oxjyi.com,21,0,1,0,1,1
http://240.50.63.118/bonus,26,0,3,1,1,1
http://kxslciubg.xyz/update,27,0,1,0,1,1
http://qhmmtzkpfy.in/verify,27,0,1,0,1,1
http://141.229.127.39/login,27,0,3,1,1,1
http://166.115.29.225/verify,28,0,3,1,1,1
http://plklwivn.org/update,26,0,1,0,1,1
http://update-yjbanibmg.com,27,0,1,0,1,1
http://verify-kwmuwx.org,24,0,1,0,1,1
http://secure-dgcnozntkr.in,27,0,1,0,1,1
http://162.133.84.39/free,25,0,3,1,1,1
http://bank-jwvrkvp.net,23,0,1,0,1,1
http://145.13.174.227/verify,28,0,3,1,1,1
http://172.147.219.66/update,28,0,3,1,1,1
http://247.69.176.183/bank,26,0,3,1,1,1
http://148.52.95.68/bank,24,0,3,1,1,1
http://verify-avizomatvx.net,28,0,1,0,1,1
http://hfijcre.info/bank,24,0,1,0,1,1
http://187.82.119.76/secure,27,0,3,1,1,1
http://pxhvew.net/bonus,23,0,1,0,1,1
http://verify-qcbrpvgb.in,25,0,1,0,1,1
http://login-txoaixhjm.in,25,0,1,0,1,1
http://137.143.243.26/free,26,0,3,1,1,1
http://qzeyrc.com/login,23,0,1,0,1,1
http://qfzwxv.in/free,21,0,1,0,1,1
http://hkibuuol.in/login,24,0,1,0,1,1
http://vyrgwc.org/update,24,0,1,0,1,1
http://bonus-fujzbefa.org,25,0,1,0,1,1
http://254.211.104.170/update,29,0,3,1,1,1
http://pscbsnqhp.info/login,27,0,1,0,1,1
http://216.162.230.77/update,28,0,3,1,1,1
http://228.129.43.235/verify,28,0,3,1,1,1
http://239.59.133.108/update,28,0,3,1,1,1
http://free-ybjtcjyd.net,24,0,1,0,1,1
http://secure-eplyijkmv.net,27,0,1,0,1,1
http://login-xwtjigfnhi.org,27,0,1,0,1,1
http://jaffcglsy.com/free,25,0,1,0,1,1
http://194.121.205.64/login,27,0,3,1,1,1
http://aqyghitp.com/login,25,0,1,0,1,1
http://233.31.123.126/login,27,0,3,1,1,1
http://jolcgdkaj.xyz/bonus,26,0,1,0,1,1
http://verify-fazobstogk.org,28,0,1,0,1,1
http://evweucsxyo.org/bank,26,0,1,0,1,1
http://update-zfzrsnm.net,25,0,1,0,1,1
http://zqdrp.org/bonus,22,0,1,0,1,1
http://nxrtkz.info/update,25,0,1,0,1,1
http://waswdvkns.org/update,27,0,1,0,1,1
http://mummbk.org/update,24,0,1,0,1,1
http://dzqme.xyz/secure,23,0,1,0,1,1
http://free-wlhqxaomxf.org,26,0,1,0,1,1
http://duykljmdb.info/login,27,0,1,0,1,1
http://apwtpi.net/bank,22,0,1,0,1,1
http://free-ghcztlv.com,23,0,1,0,1,1
http://free-frueixexn.org,25,0,1,0,1,1
http://188.112.205.25/update,28,0,3,1,1,1
http://baixcuflxp.com/free,26,0,1,0,1,1
http://update-gqzill.info,25,0,1,0,1,1
http://update-swyog.org,23,0,1,0,1,1
http://bank-apuuwp.net,22,0,1,0,1,1
http://ioqilbmw.xyz/bank,24,0,1,0,1,1
http://free-rwdctziquc.net,26,0,1,0,1,1
http://secure-mzirjrrg.net,26,0,1,0,1,1
http://169.172.60.155/verify,28,0,3,1,1,1
http://tohpokdi.org/verify,26,0,1,0,1,1
http://108.13.203.158/verify,28,0,3,1,1,1
http://gtibtyirs.com/verify,27,0,1,0,1,1
http://247.68.56.56/free,24,0,3,1,1,1
http://248.135.164.140/update,29,0,3,1,1,1
http://free-knjij.info,22,0,1,0,1,1
http://ljtnurevjt.net/verify,28,0,1,0,1,1
http://xuwyu.in/verify,22,0,1,0,1,1
http://bpccbf.com/free,22,0,1,0,1,1
http://swfevdpue.net/login,26,0,1,0,1,1
http://verify-zivvcuw.net,25,0,1,0,1,1
http://176.46.203.76/secure,27,0,3,1,1,1
http://szdvyutbhj.net/bonus,27,0,1,0,1,1
http://146.55.72.76/update,26,0,3,1,1,1
http://login-cdzuba.org,23,0,1,0,1,1
http://142.71.92.136/login,26,0,3,1,1,1
http://234.71.247.79/bonus,26,0,3,1,1,1
http://bank-yjtuptdln.org,25,0,1,0,1,1
http://wmgmhweo.xyz/secure,26,0,1,0,1,1
http://ezjnrda.com/verify,25,0,1,0,1,1
http://109.86.83.72/bonus,25,0,3,1,1,1
http://219.18.125.51/update,27,0,3,1,1,1
http://login-btyfdp.org,23,0,1,0,1,1
http://bank-kvqucincz.xyz,25,0,1,0,1,1
http://100.178.198.105/bonus,28,0,3,1,1,1
http://250.126.238.48/bonus,27,0,3,1,1,1
http://qifwolgqq.net/bonus,26,0,1,0,1,1
http://quotavs.xyz/bonus,24,0,1,0,1,1
http://184.97.142.58/bonus,26,0,3,1,1,1
http://162.137.166.224/secure,29,0,3,1,1,1
http://update-pcmbb.net,23,0,1,0,1,1
http://secure-ebrzlah.xyz,25,0,1,0,1,1
http://115.156.7.19/bank,24,0,3,1,1,1
http://hyqcjl.net/bank,22,0,1,0,1,1
http://bonus-gdyckcqqr.info,27,0,1,0,1,1
http://update-fuazm.in,22,0,1,0,1,1
http://brrcjgb.info/free,24,0,1,0,1,1
http://bank-sstukbmn.xyz,24,0,1,0,1,1
http://exvgxfwga.in/verify,26,0,1,0,1,1
http://yisclng.net/secure,25,0,1,0,1,1
http://ejlgxtxigt.info/update,29,0,1,0,1,1
http://svxfcm.xyz/login,23,0,1,0,1,1
http://secure-pqwflssxuq.org,28,0,1,0,1,1
http://flweqehbq.org/bonus,26,0,1,0,1,1
http://166.109.1.212/secure,27,0,3,1,1,1
http://bonus-bwjuk.in,21,0,1,0,1,1
http://cqkvsh.com/update,24,0,1,0,1,1
http://update-trppv.org,23,0,1,0,1,1
http://tseft.in/verify,22,0,1,0,1,1
http://206.14.85.107/free,25,0,3,1,1,1
http://239.136.147.203/bank,27,0,3,1,1,1
http://bank-roxwormu.net,24,0,1,0,1,1
http://login-ibgeas.org,23,0,1,0,1,1
http://101.98.191.205/update,28,0,3,1,1,1
http://verify-peyophcjod.org,28,0,1,0,1,1
http://tmfeay.com/verify,24,0,1,0,1,1
http://130.84.124.203/update,28,0,3,1,1,1
http://brvmnae.org/verify,25,0,1,0,1,1
http://free-zpstrubge.info,26,0,1,0,1,1
http://225.230.154.33/login,27,0,3,1,1,1
http://bonus-vlzxuxlf.net,25,0,1,0,1,1
http://verify-lkliuauh.info,27,0,1,0,1,1
http://107.244.243.64/login,27,0,3,1,1,1
http://108.61.12.183/login,26,0,3,1,1,1
http://olxyfkkj.org/free,24,0,1,0,1,1
http://login-tqlqm.info,23,0,1,0,1,1
http://eupmf.in/login,21,0,1,0,1,1
http://168.249.223.15/secure,28,0,3,1,1,1
http://193.126.69.232/verify,28,0,3,1,1,1
http://bonus-ctlhmcfsp.com,26,0,1,0,1,1
http://ohomisoly.in/bank,24,0,1,0,1,1
http://evkja.org/verify,23,0,1,0,1,1
http://yistotcdxa.in/bonus,26,0,1,0,1,1
http://249.115.247.252/verify,29,0,3,1,1,1
http://nmxpsydz.in/bank,23,0,1,0,1,1
http://dvzkor.com/bank,22,0,1,0,1,1
http://202.177.66.217/free,26,0,3,1,1,1
http://wtuzafy.info/verify,26,0,1,0,1,1
http://vsyinijiq.info/bonus,27,0,1,0,1,1
http://232.203.37.196/login,27,0,3,1,1,1
http://113.13.204.202/secure,28,0,3,1,1,1
http://login-dbrotkqpxb.in,26,0,1,0,1,1
http://andpbjlb.net/update,26,0,1,0,1,1
http://zgjzb.xyz/update,23,0,1,0,1,1
http://201.79.62.60/secure,26,0,3,1,1,1
http://deqmng.xyz/free,22,0,1,0,1,1
http://233.20.153.247/bonus,27,0,3,1,1,1
http://165.158.126.148/login,28,0,3,1,1,1
http://254.110.200.215/login,28,0,3,1,1,1
http://xrjuxczx.com/bank,24,0,1,0,1,1
http://verify-ieiusxrhsb.xyz,28,0,1,0,1,1
http://secure-dgilxhw.net,25,0,1,0,1,1
http://yhvybu.xyz/free,22,0,1,0,1,1
http://yrcilpxxr.com/free,25,0,1,0,1,1
http://woqybuoks.net/update,27,0,1,0,1,1
http://update-gcciy.com,23,0,1,0,1,1
http://234.246.28.213/bonus,27,0,3,1,1,1
http://116.90.176.109/login,27,0,3,1,1,1
http://244.141.124.64/bonus,27,0,3,1,1,1
http://zzbxnmmnxb.in/secure,27,0,1,0,1,1
http://149.239.45.79/update,27,0,3,1,1,1
http://247.226.252.240/update,29,0,3,1,1,1
http://ynepfhef.info/bonus,26,0,1,0,1,1
http://bank-mfvayz.xyz,22,0,1,0,1,1
http://update-motrj.org,23,0,1,0,1,1
http://ppfcpqp.com/secure,25,0,1,0,1,1
http://109.0.248.111/bonus,26,0,3,1,1,1
http://njqmmhuwn.xyz/login,26,0,1,0,1,1
http://zejyb.info/free,22,0,1,0,1,1
http://ijqerf.com/bonus,23,0,1,0,1,1
http://bank-fxojrznumb.com,26,0,1,0,1,1
http://acqtp.com/verify,23,0,1,0,1,1
http://107.130.216.180/verify,29,0,3,1,1,1
http://verify-bjoeggq.in,24,0,1,0,1,1
http://235.246.173.159/secure,29,0,3,1,1,1
http://cjjsdfqbtq.com/login,27,0,1,0,1,1
http://162.19.66.141/free,25,0,3,1,1,1
http://195.236.57.193/free,26,0,3,1,1,1
http://free-kjbjtkpnlk.info,27,0,1,0,1,1
http://224.30.39.22/login,25,0,3,1,1,1
http://owpqfpuirc.org/free,26,0,1,0,1,1
http://zmmkedykf.org/verify,27,0,1,0,1,1
http://130.23.234.252/bonus,27,0,3,1,1,1
http://secure-jdbhtnlerm.xyz,28,0,1,0,1,1
http://177.74.177.230/bonus,27,0,3,1,1,1
http://254.123.36.239/verify,28,0,3,1,1,1
http://244.188.185.48/update,28,0,3,1,1,1
http://bonus-sqkvnjffjp.info,28,0,1,0,1,1
http://236.152.72.6/login,25,0,3,1,1,1
http://240.223.64.223/secure,28,0,3,1,1,1
http://ztrjq.in/secure,22,0,1,0,1,1
http://secure-lywgpfsgx.info,28,0,1,0,1,1
http://gukxbp.in/verify,23,0,1,0,1,1
http://bonus-sbjhrtvbkg.info,28,0,1,0,1,1
http://verify-ewerllnsb.xyz,27,0,1,0,1,1
http://bonus-kcdzafng.info,26,0,1,0,1,1
http://166.220.197.137/bank,27,0,3,1,1,1
http://bonus-mpvdxhgi.com,25,0,1,0,1,1
http://109.191.177.197/update,29,0,3,1,1,1
http://wxbozmwz.xyz/bank,24,0,1,0,1,1
http://172.236.166.211/bank,27,0,3,1,1,1
http://193.130.140.127/verify,29,0,3,1,1,1
http://epojqidtg.net/free,25,0,1,0,1,1
http://csatwo.info/login,24,0,1,0,1,1
http://jebmwmrv.info/free,25,0,1,0,1,1
http://spluqhud.org/login,25,0,1,0,1,1
http://humwx.com/bonus,22,0,1,0,1,1
http://jvctsaq.com/update,25,0,1,0,1,1
http://imjkkhav.in/update,25,0,1,0,1,1
http://110.161.186.253/update,29,0,3,1,1,1
http://133.74.222.250/bank,26,0,3,1,1,1
http://login-qewll.net,22,0,1,0,1,1
http://login-jflxhn.com,23,0,1,0,1,1
http://dgjgdn.org/bonus,23,0,1,0,1,1
http://146.123.250.89/bank,26,0,3,1,1,1
http://klpzntkrg.net/update,27,0,1,0,1,1
http://202.240.181.164/secure,29,0,3,1,1,1
http://login-qcyumta.xyz,24,0,1,0,1,1
http://252.107.67.110/free,26,0,3,1,1,1
http://bank-dtnfcwbewh.org,26,0,1,0,1,1
http://update-nuxbompbbr.xyz,28,0,1,0,1,1
http://ionezsoqan.net/verify,28,0,1,0,1,1
http://110.93.69.201/login,26,0,3,1,1,1
http://238.151.13.145/update,28,0,3,1,1,1
http://gltopbpd.com/verify,26,0,1,0,1,1
http://verify-cnvumwnnbp.com,28,0,1,0,1,1
http://free-zzmcsvcjb.info,26,0,1,0,1,1
http://hqyhzw.in/verify,23,0,1,0,1,1
http://bonus-xvaiv.org,22,0,1,0,1,1
http://login-akjazvsw.net,25,0,1,0,1,1
http://bonus-rxovlpzz.org,25,0,1,0,1,1
http://loikrpayub.xyz/free,26,0,1,0,1,1
http://hfecth.info/update,25,0,1,0,1,1
http://verify-yvmcdaz.info,26,0,1,0,1,1
http://nqmupf.in/bank,21,0,1,0,1,1
http://login-awhciaa.xyz,24,0,1,0,1,1
http://173.78.190.128/verify,28,0,3,1,1,1
http://free-eiebumdgq.info,26,0,1,0,1,1
http://tijtk.net/login,22,0,1,0,1,1
http://bank-xgzqjui.com,23,0,1,0,1,1
http://login-drrzuafvu.xyz,26,0,1,0,1,1
http://yczsh.xyz/secure,23,0,1,0,1,1
http://bonus-mfbjyjxdt.info,27,0,1,0,1,1
http://143.90.152.144/bonus,27,0,3,1,1,1
http://fcmlgcjgct.com/secure,28,0,1,0,1,1
http://free-yfeiovat.info,25,0,1,0,1,1
http://213.36.207.140/bonus,27,0,3,1,1,1
http://bedmtikbcp.xyz/free,26,0,1,0,1,1
http://login-cjgjh.xyz,22,0,1,0,1,1
http://awgvzeidr.net/secure,27,0,1,0,1,1
http://198.145.102.173/bank,27,0,3,1,1,1
http://bvbos.com/bonus,22,0,1,0,1,1
http://192.97.254.237/verify,28,0,3,1,1,1
http://free-kxqporqxah.xyz,26,0,1,0,1,1
http://secure-nzjhbpfdhz.xyz,28,0,1,0,1,1
http://secure-fgtiscz.xyz,25,0,1,0,1,1
http://109.113.61.148/verify,28,0,3,1,1,1
http://rksdq.in/free,20,0,1,0,1,1
http://105.232.211.249/bank,27,0,3,1,1,1
http://204.29.180.211/login,27,0,3,1,1,1
http://verify-wtcshbbti.org,27,0,1,0,1,1
http://cjampojbr.info/bank,26,0,1,0,1,1
http://bxmcaiuha.com/bank,25,0,1,0,1,1
http://hzxfjivmji.com/secure,28,0,1,0,1,1
http://118.27.94.166/verify,27,0,3,1,1,1
http://106.125.235.26/secure,28,0,3,1,1,1
http://sxjyvwwst.info/bonus,27,0,1,0,1,1
http://secure-qrqujm.xyz,24,0,1,0,1,1
http://bonus-jdohkkp.xyz,24,0,1,0,1,1
http://122.235.119.236/secure,29,0,3,1,1,1
http://uoawcnhr.info/secure,27,0,1,0,1,1
http://verify-adxlif.com,24,0,1,0,1,1
http://dceqjxvqx.com/secure,27,0,1,0,1,1
http://dvtwawevbw.xyz/bonus,27,0,1,0,1,1
http://free-mdpwspegom.com,26,0,1,0,1,1
http://qudfeaubj.in/update,26,0,1,0,1,1
http://dyqcr.org/verify,23,0,1,0,1,1
http://secure-kabyoy.net,24,0,1,0,1,1
http://221.197.74.194/update,28,0,3,1,1,1
http://134.255.84.229/free,26,0,3,1,1,1
http://103.233.136.114/bonus,28,0,3,1,1,1
http://nctfacrbca.info/login,28,0,1,0,1,1
http://bank-rtylbsas.info,25,0,1,0,1,1
http://secure-putxzmnlz.in,26,0,1,0,1,1
http://gqetsksx.net/update,26,0,1,0,1,1
http://bonus-ycghbnmhi.com,26,0,1,0,1,1
http://189.185.18.146/bonus,27,0,3,1,1,1
http://201.105.205.109/verify,29,0,3,1,1,1
http://184.145.211.129/login,28,0,3,1,1,1
http://162.39.210.176/free,26,0,3,1,1,1
http://update-zcqxsdl.com,25,0,1,0,1,1
http://free-uymyl.net,21,0,1,0,1,1
http://irwphyuwj.org/login,26,0,1,0,1,1
http://253.153.22.122/update,28,0,3,1,1,1
http://vptqboeco.xyz/bonus,26,0,1,0,1,1
http://free-gsovweuhak.in,25,0,1,0,1,1
http://tnulwjvyq.org/free,25,0,1,0,1,1
http://login-hzundqjh.xyz,25,0,1,0,1,1
http://login-edxcaiekm.net,26,0,1,0,1,1
http://free-mqlwpsanc.com,25,0,1,0,1,1
http://ldnks.info/verify,24,0,1,0,1,1
http://220.114.1.5/free,23,0,3,1,1,1
http://verify-chyvajxsy.net,27,0,1,0,1,1
http://hehzvmrici.in/bank,25,0,1,0,1,1
http://hahffzhg.org/bank,24,0,1,0,1,1
http://243.211.21.223/free,26,0,3,1,1,1
http://yjxjjtocqz.org/verify,28,0,1,0,1,1
http://186.61.179.8/bonus,25,0,3,1,1,1
http://pewbau.xyz/bank,22,0,1,0,1,1
http://free-bhveqdft.com,24,0,1,0,1,1
http://156.221.213.34/bank,26,0,3,1,1,1
http://201.14.166.15/login,26,0,3,1,1,1
http://secure-mgjsx.org,23,0,1,0,1,1
http://ulncjqqk.in/login,24,0,1,0,1,1
http://veeyyk.xyz/update,24,0,1,0,1,1
http://verify-lvfrj.com,23,0,1,0,1,1
http://203.52.98.131/bonus,26,0,3,1,1,1
http://qcdotdvd.org/bank,24,0,1,0,1,1
http://156.169.117.174/verify,29,0,3,1,1,1
http://144.58.177.76/login,26,0,3,1,1,1
http://126.118.248.4/secure,27,0,3,1,1,1
http://update-tpcqdbad.info,27,0,1,0,1,1
http://login-gggxmbxkb.info,27,0,1,0,1,1
http://update-bdcuqz.org,24,0,1,0,1,1
http://bonus-cbuksu.xyz,23,0,1,0,1,1
http://bzsvnhilq.in/login,25,0,1,0,1,1
http://227.105.196.111/secure,29,0,3,1,1,1
http://edlpnr.com/bonus,23,0,1,0,1,1
http://gmylcwtje.in/bonus,25,0,1,0,1,1
http://pfjnkuywv.info/bank,26,0,1,0,1,1
http://135.103.123.98/bonus,27,0,3,1,1,1
http://bgmzq.net/secure,23,0,1,0,1,1
http://oqxhkq.net/bonus,23,0,1,0,1,1
http://login-qdaji.net,22,0,1,0,1,1
http://bank-rnwgszclo.net,25,0,1,0,1,1
http://jizjdllzp.org/free,25,0,1,0,1,1
http://183.217.46.28/bonus,26,0,3,1,1,1
http://acsoz.in/login,21,0,1,0,1,1
http://221.139.138.99/update,28,0,3,1,1,1
http://free-pkawx.org,21,0,1,0,1,1
http://yibio.xyz/bonus,22,0,1,0,1,1
http://idjkyxeckj.com/update,28,0,1,0,1,1
http://bonus-ljlwxejkkj.net,27,0,1,0,1,1
http://164.191.25.206/login,27,0,3,1,1,1
http://qdqwh.xyz/update,23,0,1,0,1,1
http://161.201.137.82/bonus,27,0,3,1,1,1
http://gofmgm.info/verify,25,0,1,0,1,1
http://bank-rcsvjsmtkj.xyz,26,0,1,0,1,1
http://167.210.66.204/bank,26,0,3,1,1,1
http://szdcsiisi.net/free,25,0,1,0,1,1
http://bank-pkodd.com,21,0,1,0,1,1
http://bxfimmh.in/verify,24,0,1,0,1,1
http://jxnxd.info/secure,24,0,1,0,1,1
http://nvbiut.com/verify,24,0,1,0,1,1
http://login-hhkhgztx.in,24,0,1,0,1,1
http://bonus-lteab.net,22,0,1,0,1,1
http://free-lltff.org,21,0,1,0,1,1
http://yjemimnvm.in/secure,26,0,1,0,1,1
http://213.155.127.95/login,27,0,3,1,1,1
http://nvgrxz.com/bank,22,0,1,0,1,1
http://143.44.162.247/verify,28,0,3,1,1,1
http://170.155.170.206/update,29,0,3,1,1,1
http://rhlkplxe.org/free,24,0,1,0,1,1
http://free-gpplxfz.org,23,0,1,0,1,1
http://206.183.123.166/secure,29,0,3,1,1,1
http://dojgfrv.net/free,23,0,1,0,1,1
http://131.226.17.217/free,26,0,3,1,1,1
http://dnxrbsfduq.xyz/bonus,27,0,1,0,1,1
http://148.241.75.119/login,27,0,3,1,1,1
http://109.150.216.118/verify,29,0,3,1,1,1
http://jtioyut.info/bonus,25,0,1,0,1,1
http://edetvrheur.org/bank,26,0,1,0,1,1
http://130.250.202.80/free,26,0,3,1,1,1
http://155.241.184.206/secure,29,0,3,1,1,1
http://free-tvuqdguklb.com,26,0,1,0,1,1
http://verify-tmnhcndui.net,27,0,1,0,1,1
http://login-srwoo.in,21,0,1,0,1,1
http://198.108.216.137/bonus,28,0,3,1,1,1
http://211.72.11.242/secure,27,0,3,1,1,1
http://238.15.61.112/free,25,0,3,1,1,1
http://free-dknrquvr.com,24,0,1,0,1,1
http://free-bpccfe.xyz,22,0,1,0,1,1
http://hggwoqenh.in/login,25,0,1,0,1,1
http://165.186.31.51/bank,25,0,3,1,1,1
http://login-crdab.info,23,0,1,0,1,1
http://fecwewdvt.in/verify,26,0,1,0,1,1
http://sanryrj.xyz/bank,23,0,1,0,1,1
http://oyiikge.in/bank,22,0,1,0,1,1
http://bonus-skckxmoj.org,25,0,1,0,1,1
http://214.160.254.106/bonus,28,0,3,1,1,1
http://kasbysxrvn.info/secure,29,0,1,0,1,1
http://secure-qmxwbkdea.net,27,0,1,0,1,1
http://secure-fgsyz.com,23,0,1,0,1,1
http://bonus-xqnxmq.net,23,0,1,0,1,1
http://qobvmjok.net/login,25,0,1,0,1,1
http://225.71.225.45/free,25,0,3,1,1,1
http://ktxcipuzrr.info/login,28,0,1,0,1,1
http://zrborcmt.org/bank,24,0,1,0,1,1
http://login-upoobvu.xyz,24,0,1,0,1,1
http://239.252.253.142/bank,27,0,3,1,1,1
http://login-ysgfelmq.in,24,0,1,0,1,1
http://185.184.241.147/verify,29,0,3,1,1,1
http://jxbedbgwld.org/login,27,0,1,0,1,1
http://login-blyfnqpu.info,26,0,1,0,1,1
http://ykvqcyyf.org/login,25,0,1,0,1,1
http://luizldyu.org/free,24,0,1,0,1,1
http://free-ahvuwkxwg.info,26,0,1,0,1,1
http://175.218.112.78/bonus,27,0,3,1,1,1
http://118.233.44.105/verify,28,0,3,1,1,1
http://188.12.21.69/login,25,0,3,1,1,1
http://156.0.71.96/verify,25,0,3,1,1,1
http://login-uqiptzve.net,25,0,1,0,1,1
http://unomlnj.com/free,23,0,1,0,1,1
http://free-hjdbud.xyz,22,0,1,0,1,1
http://150.247.249.125/update,29,0,3,1,1,1
http://login-mjokojm.info,25,0,1,0,1,1
http://rgufoyvc.com/free,24,0,1,0,1,1
http://update-dwnpm.net,23,0,1,0,1,1
http://zxyjmvvxgh.in/login,26,0,1,0,1,1
http://214.253.21.194/login,27,0,3,1,1,1
http://pkzdsplkgd.org/login,27,0,1,0,1,1
http://134.241.176.197/login,28,0,3,1,1,1
http://secure-tmxmlcgsvh.net,28,0,1,0,1,1
http://cdkciivg.org/update,26,0,1,0,1,1
http://verify-nlnytgjsx.info,28,0,1,0,1,1
http://lzuvphkxfp.in/update,27,0,1,0,1,1
http://update-wwvmdh.org,24,0,1,0,1,1
http://zpako.net/bank,21,0,1,0,1,1
http://cxeemda.xyz/bonus,24,0,1,0,1,1
http://hvoesz.com/bank,22,0,1,0,1,1
http://verify-prazovm.in,24,0,1,0,1,1
http://verify-jrejz.com,23,0,1,0,1,1
http://bonus-okawoqqv.xyz,25,0,1,0,1,1
http://186.82.199.219/login,27,0,3,1,1,1
http://osajaksx.com/free,24,0,1,0,1,1
http://144.137.66.120/update,28,0,3,1,1,1
http://bonus-zqnmatcbo.net,26,0,1,0,1,1
http://iuzdcdc.org/login,24,0,1,0,1,1
http://update-zzcubbu.xyz,25,0,1,0,1,1
http://csmuohurvi.org/bonus,27,0,1,0,1,1
http://109.152.58.49/free,25,0,3,1,1,1
http://ocskagjwb.xyz/login,26,0,1,0,1,1
http://slvarzogm.com/bonus,26,0,1,0,1,1
http://136.175.198.245/bonus,28,0,3,1,1,1
http://152.27.85.126/update,27,0,3,1,1,1
http://login-fvpglmuj.in,24,0,1,0,1,1
http://verify-lobmop.org,24,0,1,0,1,1
http://vjkscw.xyz/verify,24,0,1,0,1,1
http://xzhwfn.xyz/bank,22,0,1,0,1,1
http://100.197.54.201/bonus,27,0,3,1,1,1
http://115.63.47.147/verify,27,0,3,1,1,1
http://241.99.7.173/bank,24,0,3,1,1,1
http://annlpgfi.org/secure,26,0,1,0,1,1
http://232.173.155.203/bonus,28,0,3,1,1,1
http://mkcqxngl.xyz/secure,26,0,1,0,1,1
http://umzqvlccza.xyz/bonus,27,0,1,0,1,1
http://145.96.218.68/verify,27,0,3,1,1,1
http://qtunjnohf.org/free,25,0,1,0,1,1
http://228.58.153.189/bonus,27,0,3,1,1,1
http://205.186.133.225/bonus,28,0,3,1,1,1
http://216.175.202.192/bonus,28,0,3,1,1,1
http://126.207.15.147/secure,28,0,3,1,1,1
http://update-iolzuspv.org,26,0,1,0,1,1
http://ciwqbr.net/free,22,0,1,0,1,1
http://bank-axpwmdafi.com,25,0,1,0,1,1
http://cjepjw.info/free,23,0,1,0,1,1
http://free-qjgsp.info,22,0,1,0,1,1
http://update-tgfnxb.org,24,0,1,0,1,1
http://171.178.59.61/verify,27,0,3,1,1,1
http://login-xibwjff.com,24,0,1,0,1,1
http://188.80.125.196/bank,26,0,3,1,1,1
http://secure-lbbsymttwx.xyz,28,0,1,0,1,1
http://free-qmebmblhmj.net,26,0,1,0,1,1
http://ficrp.org/free,21,0,1,0,1,1
http://102.58.7.62/bank,23,0,3,1,1,1
http://iedizmcu.info/secure,27,0,1,0,1,1
http://217.109.229.32/login,27,0,3,1,1,1
http://ldailkmir.net/bank,25,0,1,0,1,1
http://nyzoolxix.info/login,27,0,1,0,1,1
http://brrewei.net/secure,25,0,1,0,1,1
http://134.244.244.125/free,27,0,3,1,1,1
http://249.32.16.88/bonus,25,0,3,1,1,1
http://verify-hpiepwp.net,25,0,1,0,1,1
http://jvsvsnt.com/verify,25,0,1,0,1,1
http://226.160.128.46/login,27,0,3,1,1,1
http://login-fzggp.net,22,0,1,0,1,1
http://vxyilpdyhj.org/login,27,0,1,0,1,1
http://free-olxkhunv.org,24,0,1,0,1,1
http://verify-ylzgn.xyz,23,0,1,0,1,1
http://bank-btoqxiprch.xyz,26,0,1,0,1,1
http://bank-yzcego.org,22,0,1,0,1,1
http://login-zbbfmmq.net,24,0,1,0,1,1
http://verify-eaibk.xyz,23,0,1,0,1,1
http://secure-toufi.net,23,0,1,0,1,1
http://170.246.80.46/free,25,0,3,1,1,1
http://yqind.com/bank,21,0,1,0,1,1
http://verify-zjcslwemhx.org,28,0,1,0,1,1
http://azaykjgh.info/verify,27,0,1,0,1,1
http://170.225.117.36/bank,26,0,3,1,1,1
http://bonus-bgaowu.xyz,23,0,1,0,1,1
http://xqsjqdfti.info/bonus,27,0,1,0,1,1
http://update-effflut.in,24,0,1,0,1,1
http://bonus-wceudo.in,22,0,1,0,1,1
http://234.237.234.31/secure,28,0,3,1,1,1
http://free-toygbwfd.info,25,0,1,0,1,1
http://faycbztdz.com/update,27,0,1,0,1,1
http://mmyozbv.in/verify,24,0,1,0,1,1
http://verify-npwnjrpfk.in,26,0,1,0,1,1
http://secure-wyilft.xyz,24,0,1,0,1,1
http://bank-dakrfosqt.net,25,0,1,0,1,1
http://update-dvvhlid.in,24,0,1,0,1,1
http://112.166.178.51/login,27,0,3,1,1,1
http://ljtkdlq.xyz/free,23,0,1,0,1,1
http://secure-jmrktwupd.xyz,27,0,1,0,1,1
http://hgvhwtikq.xyz/verify,27,0,1,0,1,1
http://235.159.60.148/login,27,0,3,1,1,1
http://verify-qaturfzj.com,26,0,1,0,1,1
http://zcrbemjok.net/verify,27,0,1,0,1,1
http://uyqrmv.org/bank,22,0,1,0,1,1
http://secure-xhihkzm.xyz,25,0,1,0,1,1
http://103.195.97.217/secure,28,0,3,1,1,1
http://158.27.214.17/verify,27,0,3,1,1,1
http://151.228.135.44/bonus,27,0,3,1,1,1
http://171.89.143.86/update,27,0,3,1,1,1
http://208.130.74.122/secure,28,0,3,1,1,1
http://221.25.171.213/secure,28,0,3,1,1,1
http://151.179.111.149/verify,29,0,3,1,1,1
http://jarzzva.org/free,23,0,1,0,1,1
http://247.98.240.75/login,26,0,3,1,1,1
http://130.4.139.101/bank,25,0,3,1,1,1
http://iaqydmq.org/bank,23,0,1,0,1,1
http://vjvdgk.net/free,22,0,1,0,1,1
http://mjqoyezn.net/login,25,0,1,0,1,1
http://secure-zpkboamgo.com,27,0,1,0,1,1
http://110.49.139.237/bonus,27,0,3,1,1,1
http://211.136.66.44/secure,27,0,3,1,1,1
http://bank-iwffjyo.org,23,0,1,0,1,1
http://131.188.125.213/update,29,0,3,1,1,1
http://248.113.220.130/bonus,28,0,3,1,1,1
http://ehpjp.org/bank,21,0,1,0,1,1
http://pqrsir.org/free,22,0,1,0,1,1
http://tdmkpf.in/secure,23,0,1,0,1,1
http://mxeudifrm.xyz/secure,27,0,1,0,1,1
http://hgjrwlcz.in/login,24,0,1,0,1,1
http://free-vcataprh.xyz,24,0,1,0,1,1
http://115.65.148.242/bank,26,0,3,1,1,1
http://205.66.106.44/secure,27,0,3,1,1,1
http://159.97.224.72/free,25,0,3,1,1,1
http://188.48.182.78/free,25,0,3,1,1,1
http://126.96.137.12/verify,27,0,3,1,1,1
http://kacmfadjh.info/update,28,0,1,0,1,1
http://226.131.1.108/bonus,26,0,3,1,1,1
http://254.153.160.215/bonus,28,0,3,1,1,1
http://free-czstauzv.org,24,0,1,0,1,1
http://fclsg.xyz/update,23,0,1,0,1,1
http://jfvxscwlwk.in/login,26,0,1,0,1,1
http://162.109.171.27/update,28,0,3,1,1,1
http://147.213.8.73/login,25,0,3,1,1,1
http://bank-hondvcujxm.xyz,26,0,1,0,1,1
http://login-dsdvcsvub.xyz,26,0,1,0,1,1
http://194.29.106.76/verify,27,0,3,1,1,1
http://hjypakni.xyz/login,25,0,1,0,1,1
http://verify-usireboq.com,26,0,1,0,1,1
http://login-rlpxodqkj.org,26,0,1,0,1,1
http://verify-mruabxkhkn.xyz,28,0,1,0,1,1
http://bonus-bjexf.com,22,0,1,0,1,1
http://iavolhvxst.in/login,26,0,1,0,1,1
http://101.207.139.180/free,27,0,3,1,1,1
http://140.187.235.108/secure,29,0,3,1,1,1
http://172.90.26.38/bank,24,0,3,1,1,1
http://free-gzjewmo.info,24,0,1,0,1,1
http://befvp.net/bank,21,0,1,0,1,1
http://156.148.224.152/update,29,0,3,1,1,1
http://verify-bmllancey.com,27,0,1,0,1,1
http://221.211.226.146/verify,29,0,3,1,1,1
http://secure-bszfdffso.in,26,0,1,0,1,1
http://bonus-vpeqtcfgjm.org,27,0,1,0,1,1
http://fqbjylf.org/free,23,0,1,0,1,1
http://196.236.4.198/verify,27,0,3,1,1,1
http://vpcnmkr.xyz/bank,23,0,1,0,1,1
http://158.244.63.97/login,26,0,3,1,1,1
http://free-jmxexdbj.in,23,0,1,0,1,1
http://lnvujc.com/secure,24,0,1,0,1,1
http://ohaukgkpo.com/free,25,0,1,0,1,1
http://pkqmsyga.xyz/secure,26,0,1,0,1,1
http://qzwjznkzz.net/verify,27,0,1,0,1,1
http://135.87.152.46/secure,27,0,3,1,1,1
http://bank-pwgnomxc.com,24,0,1,0,1,1
http://ykrep.org/bonus,22,0,1,0,1,1
http://verify-hroltv.net,24,0,1,0,1,1
http://108.235.118.122/update,29,0,3,1,1,1
http://184.25.220.40/free,25,0,3,1,1,1
http://113.239.80.180/bank,26,0,3,1,1,1
http://vsady.info/bank,22,0,1,0,1,1
http://144.117.137.192/login,28,0,3,1,1,1
http://login-bhhcsx.info,24,0,1,0,1,1
http://update-xecsuyg.in,24,0,1,0,1,1
http://182.191.216.16/free,26,0,3,1,1,1
http://jidmjk.xyz/verify,24,0,1,0,1,1
http://kqdcrq.com/verify,24,0,1,0,1,1
http://free-wancwfdq.xyz,24,0,1,0,1,1
http://verify-qhlitndfhc.com,28,0,1,0,1,1
http://213.202.239.126/login,28,0,3,1,1,1
http://176.2.194.36/bonus,25,0,3,1,1,1
http://bagwqlf.org/bonus,24,0,1,0,1,1
http://secure-gvlitjrp.com,26,0,1,0,1,1
http://ppfrtskro.info/update,28,0,1,0,1,1
http://update-cozovehp.net,26,0,1,0,1,1
http://mhitaqsska.info/verify,29,0,1,0,1,1
http://180.116.142.105/login,28,0,3,1,1,1
http://dwquh.com/secure,23,0,1,0,1,1
http://zbhpsf.info/verify,25,0,1,0,1,1
http://secure-pzkuuyqoj.com,27,0,1,0,1,1
http://180.196.64.105/secure,28,0,3,1,1,1
http://222.73.12.111/secure,27,0,3,1,1,1
http://cddyqnjpgo.org/bank,26,0,1,0,1,1
http://250.164.184.196/login,28,0,3,1,1,1
http://bank-lcudoxxg.xyz,24,0,1,0,1,1
http://secure-rqrqrvpmmt.in,27,0,1,0,1,1
http://bank-kpjkleewy.net,25,0,1,0,1,1
http://160.201.13.169/login,27,0,3,1,1,1
http://wrojdl.in/secure,23,0,1,0,1,1
http://xgjnapx.org/verify,25,0,1,0,1,1
http://137.204.231.248/update,29,0,3,1,1,1
http://242.252.114.78/login,27,0,3,1,1,1
http://verify-nmncsbshy.org,27,0,1,0,1,1
http://117.178.106.255/bonus,28,0,3,1,1,1
http://128.121.166.165/bonus,28,0,3,1,1,1
http://free-iqbux.xyz,21,0,1,0,1,1
http://kpatnaoe.info/verify,27,0,1,0,1,1
http://juvuzuh.xyz/update,25,0,1,0,1,1
http://free-yoapvrhygb.org,26,0,1,0,1,1
http://login-oxsnrkjk.in,24,0,1,0,1,1
http://verify-glsxbiv.net,25,0,1,0,1,1
http://rpiqp.xyz/secure,23,0,1,0,1,1
http://220.90.255.250/free,26,0,3,1,1,1
http://tewwopqije.info/secure,29,0,1,0,1,1
http://free-capomgb.net,23,0,1,0,1,1
http://105.69.164.127/secure,28,0,3,1,1,1
http://eocegecth.in/login,25,0,1,0,1,1
http://169.31.29.63/verify,26,0,3,1,1,1
http://jicforj.info/bonus,25,0,1,0,1,1
http://verify-bwcqpthr.com,26,0,1,0,1,1
http://fzknfc.xyz/verify,24,0,1,0,1,1
http://192.11.176.254/bank,26,0,3,1,1,1
http://secure-jjqmyo.org,24,0,1,0,1,1
http://139.137.221.130/free,27,0,3,1,1,1
http://spbfuo.info/bonus,24,0,1,0,1,1
http://167.107.233.164/login,28,0,3,1,1,1
http://151.143.52.31/bank,25,0,3,1,1,1
http://secure-qhgbak.in,23,0,1,0,1,1
http://skpld.in/free,20,0,1,0,1,1
http://rgezmk.info/bonus,24,0,1,0,1,1
http://197.115.174.58/login,27,0,3,1,1,1
http://144.219.157.148/secure,29,0,3,1,1,1
http://hjnikxdncp.com/login,27,0,1,0,1,1
http://bank-jhzmdvqoyt.org,26,0,1,0,1,1
http://uizjc.com/update,23,0,1,0,1,1
http://123.177.131.141/secure,29,0,3,1,1,1
http://inmgozgju.in/bonus,25,0,1,0,1,1
http://224.59.105.123/secure,28,0,3,1,1,1
http://147.232.215.138/bank,27,0,3,1,1,1
http://237.90.100.237/secure,28,0,3,1,1,1
http://brpbb.in/update,22,0,1,0,1,1
http://239.81.51.229/login,26,0,3,1,1,1
http://119.245.32.13/login,26,0,3,1,1,1
http://free-zsisqi.in,21,0,1,0,1,1
http://210.141.200.166/login,28,0,3,1,1,1
http://131.83.211.45/bank,25,0,3,1,1,1
http://verify-abuvaj.net,24,0,1,0,1,1
http://free-iybeulfq.in,23,0,1,0,1,1
http://iahedawohh.org/free,26,0,1,0,1,1
http://bonus-vrcbnw.xyz,23,0,1,0,1,1
http://200.103.31.11/free,25,0,3,1,1,1
http://cvwvw.info/verify,24,0,1,0,1,1
http://bonus-ercdivysd.net,26,0,1,0,1,1
http://skfijc.com/free,22,0,1,0,1,1
http://131.154.66.16/bank,25,0,3,1,1,1
http://118.200.207.170/bonus,28,0,3,1,1,1
http://bank-ravoqc.in,21,0,1,0,1,1
http://dazham.in/secure,23,0,1,0,1,1
http://pdvbxh.org/login,23,0,1,0,1,1
http://iwtynrhaz.info/login,27,0,1,0,1,1
http://avxvmnagyc.net/verify,28,0,1,0,1,1
http://117.191.85.228/bonus,27,0,3,1,1,1
http://qjzimk.in/bonus,22,0,1,0,1,1
http://ttksffultz.info/bonus,28,0,1,0,1,1
http://202.94.103.149/free,26,0,3,1,1,1
http://update-lcgctx.org,24,0,1,0,1,1
http://pqgxu.xyz/login,22,0,1,0,1,1
http://hpvelpoje.net/bank,25,0,1,0,1,1
http://eryogcepra.in/bank,25,0,1,0,1,1
http://verify-gmxyzr.info,25,0,1,0,1,1
http://verify-odddxioz.info,27,0,1,0,1,1
http://249.60.98.200/free,25,0,3,1,1,1
http://phaayrvzqq.in/bank,25,0,1,0,1,1
http://181.236.128.200/bank,27,0,3,1,1,1
http://free-hpyszewlvt.in,25,0,1,0,1,1
http://secure-hyhwr.org,23,0,1,0,1,1
http://update-mlechf.xyz,24,0,1,0,1,1
http://bank-ifmgyeib.net,24,0,1,0,1,1
http://117.107.47.97/bonus,26,0,3,1,1,1
http://zcrtkappji.net/bonus,27,0,1,0,1,1
http://bonus-ocisw.xyz,22,0,1,0,1,1
http://bank-wzfah.com,21,0,1,0,1,1
http://206.55.248.176/bonus,27,0,3,1,1,1
http://137.28.60.245/free,25,0,3,1,1,1
http://zgwtw.info/free,22,0,1,0,1,1
http://update-hxosl.org,23,0,1,0,1,1
http://update-weifpzc.org,25,0,1,0,1,1
http://bank-hpglyrwqai.info,27,0,1,0,1,1
http://xcoawkcetg.in/bonus,26,0,1,0,1,1
http://vamkre.com/free,22,0,1,0,1,1
http://zrtfvi.xyz/update,24,0,1,0,1,1
http://secure-sjrhbaf.xyz,25,0,1,0,1,1
http://199.10.249.42/login,26,0,3,1,1,1
http://127.226.53.144/bonus,27,0,3,1,1,1
http://verify-cenfsf.net,24,0,1,0,1,1
http://169.227.49.139/free,26,0,3,1,1,1
http://199.164.215.152/bonus,28,0,3,1,1,1
http://nqemtxyv.in/secure,25,0,1,0,1,1
http://wwrzkdq.org/update,25,0,1,0,1,1
http://verify-xtius.org,23,0,1,0,1,1
http://verify-zxcymitna.info,28,0,1,0,1,1
http://209.126.224.6/secure,27,0,3,1,1,1
http://bonus-lgygylby.org,25,0,1,0,1,1
http://free-cfidvkfse.xyz,25,0,1,0,1,1
http://bank-ntbpwxthx.com,25,0,1,0,1,1
http://231.71.152.245/secure,28,0,3,1,1,1
http://update-thunml.org,24,0,1,0,1,1
http://141.95.64.58/secure,26,0,3,1,1,1
http://free-iwvxt.info,22,0,1,0,1,1
http://123.108.216.175/bonus,28,0,3,1,1,1
http://nsmopw.info/bonus,24,0,1,0,1,1
http://241.60.103.4/login,25,0,3,1,1,1
http://mmyxt.info/bonus,23,0,1,0,1,1
http://bank-gvhxiwzh.com,24,0,1,0,1,1
http://login-rstxtlaxmr.com,27,0,1,0,1,1
http://195.26.125.121/login,27,0,3,1,1,1
http://login-umaaudu.xyz,24,0,1,0,1,1
http://verify-vwzdji.info,25,0,1,0,1,1
http://112.178.215.98/update,28,0,3,1,1,1
http://aevlttyy.com/free,24,0,1,0,1,1
http://secure-zrjew.com,23,0,1,0,1,1
http://free-fbdasxdmza.info,27,0,1,0,1,1
http://irafpft.info/update,26,0,1,0,1,1
http://free-tzjgfyda.in,23,0,1,0,1,1
http://free-sqeolw.org,22,0,1,0,1,1
http://free-kmkzz.com,21,0,1,0,1,1
http://verify-qhobpfgva.info,28,0,1,0,1,1
http://bonus-ligefhmk.org,25,0,1,0,1,1
http://117.176.82.252/login,27,0,3,1,1,1
http://verify-topwuas.com,25,0,1,0,1,1
http://109.195.70.133/free,26,0,3,1,1,1
http://191.131.53.75/verify,27,0,3,1,1,1
http://yvjxu.net/secure,23,0,1,0,1,1
http://chabjrtfjy.org/bank,26,0,1,0,1,1
http://100.87.16.229/bank,25,0,3,1,1,1
http://verify-rslip.info,24,0,1,0,1,1
http://vbhgplhaw.com/login,26,0,1,0,1,1
http://jfoxqyvi.in/secure,25,0,1,0,1,1
http://qvhiwpuqc.info/secure,28,0,1,0,1,1
http://175.145.49.189/free,26,0,3,1,1,1
http://svrpq.xyz/bank,21,0,1,0,1,1
http://ncakcbri.net/secure,26,0,1,0,1,1
http://246.21.50.179/verify,27,0,3,1,1,1
http://upgubxi.info/secure,26,0,1,0,1,1
http://jtyreabof.xyz/login,26,0,1,0,1,1
http://xccmnszyzo.org/free,26,0,1,0,1,1
